category,batch,key,tests,pairedCompleted,baselineStatus,baselineReason,fspecStatus,fspecReason,baselineTotalRuntimeMs,fspecTotalRuntimeMs,baselineProjectedCG,fspecProjectedCG
cmdi,0,cmdi-b0000-3598d7f949,BenchmarkTest00006;BenchmarkTest00007,True,completed,,completed,,43377,75029,37843,34012
cmdi,1,cmdi-b0001-97590e9a6b,BenchmarkTest00015;BenchmarkTest00017,True,completed,,completed,,37682,73247,37850,33994
cmdi,2,cmdi-b0002-0b9fab8401,BenchmarkTest00051;BenchmarkTest00077,True,completed,,completed,,54345,86970,37772,33874
cmdi,3,cmdi-b0003-003e54ead7,BenchmarkTest00090;BenchmarkTest00091,True,completed,,completed,,50962,90357,37852,34021
cmdi,4,cmdi-b0004-d44c06b1cf,BenchmarkTest00092;BenchmarkTest00093,True,completed,,completed,,56362,88668,37859,34028
cmdi,5,cmdi-b0005-564f353d83,BenchmarkTest00158;BenchmarkTest00159,True,completed,,completed,,57626,101931,37793,33895
cmdi,6,cmdi-b0006-4901ffc5cf,BenchmarkTest00171;BenchmarkTest00172,False,missing,process-timeout,missing,process-timeout,0,0,0,0
cmdi,7,cmdi-b0007-89735e0bb2,BenchmarkTest00173;BenchmarkTest00174,False,missing,process-timeout,excluded,flowdroid-oom+termination-2,0,5472716,0,34035
cmdi,8,cmdi-b0008-7784275c8f,BenchmarkTest00175;BenchmarkTest00176,False,missing,process-timeout,missing,process-timeout,0,0,0,0
cmdi,9,cmdi-b0009-c23e070837,BenchmarkTest00177;BenchmarkTest00293,True,completed,,completed,,52243,87961,38050,34208
cmdi,10,cmdi-b0010-e639f34403,BenchmarkTest00294;BenchmarkTest00295,True,completed,,completed,,53814,84393,37773,33875
cmdi,11,cmdi-b0011-7cb12ba46f,BenchmarkTest00302;BenchmarkTest00303,True,completed,,completed,,55653,96253,38036,34192
cmdi,12,cmdi-b0012-164eab473f,BenchmarkTest00304;BenchmarkTest00305,True,completed,,completed,,50752,98581,38087,34245
cmdi,13,cmdi-b0013-15f118f643,BenchmarkTest00306;BenchmarkTest00307,True,completed,,completed,,52239,83629,37864,34034
cmdi,14,cmdi-b0014-7ccc76eee8,BenchmarkTest00308;BenchmarkTest00309,True,completed,,completed,,47307,96886,37861,34030
cmdi,15,cmdi-b0015-d22833cea8,BenchmarkTest00310;BenchmarkTest00311,True,completed,,completed,,45234,83898,37861,34031
cmdi,16,cmdi-b0016-1010183b78,BenchmarkTest00396;BenchmarkTest00406,True,completed,,completed,,52251,89831,37803,33960
cmdi,17,cmdi-b0017-64ba3d9472,BenchmarkTest00407;BenchmarkTest00408,True,completed,,completed,,51253,84641,37817,33988
cmdi,18,cmdi-b0018-142ad7c35e,BenchmarkTest00409;BenchmarkTest00410,False,missing,process-timeout,missing,process-timeout,0,0,0,0
cmdi,19,cmdi-b0019-01b65480c3,BenchmarkTest00411;BenchmarkTest00412,False,excluded,flowdroid-oom+termination-2,missing,process-timeout,4637792,0,38044,0
cmdi,20,cmdi-b0020-12bee36fe3,BenchmarkTest00480;BenchmarkTest00481,True,completed,,completed,,49924,79222,37745,33860
cmdi,21,cmdi-b0021-ce627b65df,BenchmarkTest00494;BenchmarkTest00495,True,completed,,completed,,49700,81325,37826,34008
cmdi,22,cmdi-b0022-7c783922ea,BenchmarkTest00496;BenchmarkTest00497,True,completed,,completed,,51055,84226,37988,34169
cmdi,23,cmdi-b0023-e8fc7783cd,BenchmarkTest00498;BenchmarkTest00499,True,completed,,completed,,45475,94264,38011,34193
cmdi,24,cmdi-b0024-791978f184,BenchmarkTest00500;BenchmarkTest00558,True,completed,,completed,,47577,85052,37831,34003
cmdi,25,cmdi-b0025-61e7bb1e1e,BenchmarkTest00559;BenchmarkTest00567,True,completed,,completed,,54073,85549,38048,34217
cmdi,26,cmdi-b0026-d94ccfe5cc,BenchmarkTest00568;BenchmarkTest00569,True,completed,,completed,,47176,92959,38044,34214
cmdi,27,cmdi-b0027-a6ef2d2132,BenchmarkTest00570;BenchmarkTest00571,True,completed,,completed,,44477,85957,37808,33991
cmdi,28,cmdi-b0028-c304bca59f,BenchmarkTest00572;BenchmarkTest00573,True,completed,,completed,,45337,93808,37819,34001
cmdi,29,cmdi-b0029-e44bbabca8,BenchmarkTest00574;BenchmarkTest00575,True,completed,,completed,,48123,93273,37828,34011
cmdi,30,cmdi-b0030-b8008ee1aa,BenchmarkTest00576;BenchmarkTest00657,False,excluded,flowdroid-oom+termination-2,excluded,flowdroid-oom+termination-2,6291553,7108948,37850,34022
cmdi,31,cmdi-b0031-37de7b56a5,BenchmarkTest00658;BenchmarkTest00659,True,completed,,completed,,48779,87346,37827,33999
cmdi,32,cmdi-b0032-0dfc7e2f85,BenchmarkTest00731;BenchmarkTest00732,False,excluded,flowdroid-oom+termination-2,missing,process-timeout,7138767,0,37743,0
cmdi,33,cmdi-b0033-f1cdb152fc,BenchmarkTest00738;BenchmarkTest00739,True,completed,,completed,,51134,87083,37811,33982
cmdi,34,cmdi-b0034-2d878c526c,BenchmarkTest00740;BenchmarkTest00741,False,missing,process-timeout,missing,process-timeout,0,0,0,0
cmdi,35,cmdi-b0035-bc595be925,BenchmarkTest00742;BenchmarkTest00743,False,excluded,flowdroid-oom+termination-2,excluded,flowdroid-oom+termination-2,4195717,8558607,37830,34013
cmdi,36,cmdi-b0036-1d39cb4378,BenchmarkTest00814;BenchmarkTest00815,True,completed,,completed,,51195,82306,37776,33878
cmdi,37,cmdi-b0037-0736b28dea,BenchmarkTest00816;BenchmarkTest00823,False,excluded,flowdroid-oom+termination-2,missing,process-timeout,754766,0,37849,0
cmdi,38,cmdi-b0038-3dd96aa306,BenchmarkTest00824;BenchmarkTest00825,False,missing,process-timeout,excluded,flowdroid-oom+termination-2,0,10819007,0,34047
cmdi,39,cmdi-b0039-21e0740f71,BenchmarkTest00826;BenchmarkTest00827,True,completed,,completed,,53526,83406,37865,34035
cmdi,40,cmdi-b0040-262789803b,BenchmarkTest00895;BenchmarkTest00896,True,completed,,completed,,46836,82920,37751,33866
cmdi,41,cmdi-b0041-55ab0b4f7f,BenchmarkTest00897;BenchmarkTest00905,True,completed,,completed,,50330,97134,37806,33963
cmdi,42,cmdi-b0042-4a1b6cc2c1,BenchmarkTest00906;BenchmarkTest00907,True,completed,,completed,,49016,82294,37998,34167
cmdi,43,cmdi-b0043-320210b53a,BenchmarkTest00908;BenchmarkTest00909,True,completed,,completed,,47994,90778,37807,33990
cmdi,44,cmdi-b0044-e037ad4caf,BenchmarkTest00910;BenchmarkTest00968,True,completed,,completed,,48419,82831,37863,34022
cmdi,45,cmdi-b0045-261f92b99e,BenchmarkTest00969;BenchmarkTest00970,False,excluded,flowdroid-oom+termination-2,excluded,flowdroid-oom+termination-2,484344,603914,38010,34124
cmdi,46,cmdi-b0046-e4d8726139,BenchmarkTest00978;BenchmarkTest00979,False,excluded,flowdroid-oom+termination-2,excluded,flowdroid-oom+termination-2,514872,652233,38084,34241
cmdi,47,cmdi-b0047-87caeb57e4,BenchmarkTest00980;BenchmarkTest00981,True,completed,,completed,,42009,88092,37861,34031
cmdi,48,cmdi-b0048-e949660ec8,BenchmarkTest00982;BenchmarkTest00983,False,excluded,flowdroid-oom+termination-2,excluded,flowdroid-oom+termination-2,4584625,891405,37854,34024
cmdi,49,cmdi-b0049-158ff26ccc,BenchmarkTest01064;BenchmarkTest01065,False,missing,process-timeout,excluded,flowdroid-oom+termination-2,0,10340449,0,34004
cmdi,50,cmdi-b0050-e3efed3a01,BenchmarkTest01066;BenchmarkTest01067,False,excluded,flowdroid-oom+termination-2,completed,,537602,173012,38045,34213
cmdi,51,cmdi-b0051-3fd38c9d34,BenchmarkTest01068;BenchmarkTest01182,True,completed,,completed,,48751,85381,37875,34034
cmdi,52,cmdi-b0052-9c47c764bb,BenchmarkTest01189;BenchmarkTest01190,True,completed,,completed,,44204,83898,37858,34027
cmdi,53,cmdi-b0053-0c0ada89fd,BenchmarkTest01191;BenchmarkTest01192,True,completed,,completed,,44761,80289,37862,34031
cmdi,54,cmdi-b0054-19c29b57e7,BenchmarkTest01193;BenchmarkTest01194,True,completed,,completed,,44822,84511,37866,34025
cmdi,55,cmdi-b0055-fc3747268c,BenchmarkTest01269;BenchmarkTest01270,True,completed,,completed,,52251,84546,37740,33855
cmdi,56,cmdi-b0056-d0562cd0ae,BenchmarkTest01285;BenchmarkTest01286,True,completed,,completed,,75001,147465,37831,33988
cmdi,57,cmdi-b0057-3352a26b11,BenchmarkTest01287;BenchmarkTest01288,False,missing,process-timeout,excluded,flowdroid-oom+termination-2,0,5629504,0,34185
cmdi,58,cmdi-b0058-3036880d83,BenchmarkTest01289;BenchmarkTest01290,True,completed,,completed,,45198,83036,37833,34015
cmdi,59,cmdi-b0059-542c5de7c9,BenchmarkTest01353;BenchmarkTest01360,True,completed,,completed,,48173,91013,37824,33981
cmdi,60,cmdi-b0060-02467292d4,BenchmarkTest01361;BenchmarkTest01362,True,completed,,completed,,44724,83389,37824,34007
cmdi,61,cmdi-b0061-3711cb1687,BenchmarkTest01363;BenchmarkTest01364,True,completed,,completed,,48856,79867,38002,34183
cmdi,62,cmdi-b0062-d0af7daf16,BenchmarkTest01365;BenchmarkTest01430,True,completed,,completed,,49142,82204,38014,34185
cmdi,63,cmdi-b0063-4f5ce03e49,BenchmarkTest01440;BenchmarkTest01441,True,completed,,completed,,40214,89274,37839,33996
cmdi,64,cmdi-b0064-7e2ea4880c,BenchmarkTest01442;BenchmarkTest01443,True,completed,,completed,,78287,142926,37829,34011
cmdi,65,cmdi-b0065-77e1e08492,BenchmarkTest01444;BenchmarkTest01445,True,completed,,completed,,47343,92556,37825,34007
cmdi,66,cmdi-b0066-a434c38562,BenchmarkTest01446;BenchmarkTest01516,False,excluded,flowdroid-oom+termination-2,excluded,flowdroid-oom+termination-2,578417,803900,38065,34236
cmdi,67,cmdi-b0067-df6fa53781,BenchmarkTest01517;BenchmarkTest01526,True,completed,,completed,,46422,84228,37819,33976
cmdi,68,cmdi-b0068-11429f06e5,BenchmarkTest01527;BenchmarkTest01528,True,completed,,completed,,45248,80085,37823,33980
cmdi,69,cmdi-b0069-9b60f0c60c,BenchmarkTest01529;BenchmarkTest01530,True,completed,,completed,,45756,86040,37832,34003
cmdi,70,cmdi-b0070-acec7774f3,BenchmarkTest01531;BenchmarkTest01532,True,completed,,completed,,47114,81543,37841,34024
cmdi,71,cmdi-b0071-c680e6959e,BenchmarkTest01533;BenchmarkTest01600,False,excluded,flowdroid-oom+termination-2,excluded,flowdroid-oom+termination-2,477548,761873,38022,34204
cmdi,72,cmdi-b0072-3975717920,BenchmarkTest01601;BenchmarkTest01606,True,completed,,completed,,72765,110050,37828,33985
cmdi,73,cmdi-b0073-54d977b04c,BenchmarkTest01607;BenchmarkTest01608,False,missing,process-timeout,excluded,flowdroid-oom+termination-2,0,4846652,0,34014
cmdi,74,cmdi-b0074-f9f66fd253,BenchmarkTest01609;BenchmarkTest01610,False,excluded,flowdroid-oom+termination-2,excluded,flowdroid-oom+termination-2,549773,959710,38025,34196
cmdi,75,cmdi-b0075-a9937ac7f5,BenchmarkTest01672;BenchmarkTest01673,True,completed,,completed,,47546,88016,37784,33886
cmdi,76,cmdi-b0076-f81ce049d3,BenchmarkTest01674;BenchmarkTest01685,True,completed,,completed,,47023,87800,37872,34030
cmdi,77,cmdi-b0077-1897c27a23,BenchmarkTest01686;BenchmarkTest01687,True,completed,,completed,,47707,82623,37859,34029
cmdi,78,cmdi-b0078-322c284acd,BenchmarkTest01688;BenchmarkTest01689,True,completed,,completed,,46789,84185,37862,34020
cmdi,79,cmdi-b0079-da528f99d1,BenchmarkTest01690;BenchmarkTest01691,True,completed,,completed,,50793,88051,37850,34019
cmdi,80,cmdi-b0080-ee4f27bb0c,BenchmarkTest01692;BenchmarkTest01693,False,excluded,flowdroid-oom+termination-2,excluded,flowdroid-oom+termination-2,560032,934615,38096,34254
cmdi,81,cmdi-b0081-c89fc30ce0,BenchmarkTest01778;BenchmarkTest01779,True,completed,,completed,,48303,84158,37772,33887
cmdi,82,cmdi-b0082-eee603d3e2,BenchmarkTest01780;BenchmarkTest01791,True,completed,,completed,,52838,90532,37825,33982
cmdi,83,cmdi-b0083-9af5a67c0b,BenchmarkTest01792;BenchmarkTest01793,True,completed,,completed,,49005,85151,37826,34008
cmdi,84,cmdi-b0084-b20e381696,BenchmarkTest01794;BenchmarkTest01795,True,completed,,completed,,50303,76508,37835,34018
cmdi,85,cmdi-b0085-7513ad2998,BenchmarkTest01796;BenchmarkTest01850,True,completed,,completed,,48254,79525,37849,34019
cmdi,86,cmdi-b0086-b44f7b72f0,BenchmarkTest01851;BenchmarkTest01852,True,completed,,completed,,47665,86708,37772,33874
cmdi,87,cmdi-b0087-4b3c87fb92,BenchmarkTest01864;BenchmarkTest01865,True,completed,,completed,,49229,88979,37858,34016
cmdi,88,cmdi-b0088-cc1700e331,BenchmarkTest01928;BenchmarkTest01929,False,excluded,flowdroid-oom+termination-2,excluded,flowdroid-oom+termination-2,5829772,6061193,37781,33883
cmdi,89,cmdi-b0089-7a5ef02edf,BenchmarkTest01936;BenchmarkTest01937,True,completed,,completed,,45507,91481,37859,34003
cmdi,90,cmdi-b0090-14ba6e133a,BenchmarkTest01938;BenchmarkTest01939,True,completed,,completed,,48590,90363,37860,34030
cmdi,91,cmdi-b0091-f4cc2494e6,BenchmarkTest01940;BenchmarkTest01941,False,excluded,flowdroid-oom+termination-2,excluded,flowdroid-oom+termination-2,484117,5777217,38091,34259
cmdi,92,cmdi-b0092-fc10e0c43b,BenchmarkTest01942;BenchmarkTest01943,False,missing,process-timeout,excluded,flowdroid-oom+termination-2,0,7095354,0,34025
cmdi,93,cmdi-b0093-4e3d8a91e8,BenchmarkTest01944;BenchmarkTest02058,True,completed,,completed,,45473,82627,37870,34029
cmdi,94,cmdi-b0094-ea351fef1a,BenchmarkTest02059;BenchmarkTest02067,True,completed,,completed,,50460,92256,37852,34010
cmdi,95,cmdi-b0095-8cd8772565,BenchmarkTest02068;BenchmarkTest02069,True,completed,,completed,,51149,87101,37861,34031
cmdi,96,cmdi-b0096-9d9553d3ea,BenchmarkTest02070;BenchmarkTest02137,True,completed,,completed,,50714,94185,37853,34023
cmdi,97,cmdi-b0097-53bfdd5e7b,BenchmarkTest02146;BenchmarkTest02147,True,completed,,completed,,46926,81889,37817,33974
cmdi,98,cmdi-b0098-dd02ab5de0,BenchmarkTest02148;BenchmarkTest02149,False,excluded,flowdroid-oom+termination-2,excluded,flowdroid-oom+termination-2,487306,912030,38043,34213
cmdi,99,cmdi-b0099-2ca2d995a8,BenchmarkTest02150;BenchmarkTest02151,True,completed,,completed,,56277,97329,37823,33995
cmdi,100,cmdi-b0100-6191f6ff03,BenchmarkTest02152;BenchmarkTest02153,False,excluded,flowdroid-oom+termination-2,excluded,flowdroid-oom+termination-2,464812,763976,38052,34234
cmdi,101,cmdi-b0101-e9ebe95046,BenchmarkTest02154;BenchmarkTest02155,True,completed,,completed,,47994,75486,37831,34014
cmdi,102,cmdi-b0102-f6479e515d,BenchmarkTest02156;BenchmarkTest02242,True,completed,,completed,,44669,80758,38048,34230
cmdi,103,cmdi-b0103-0bd4ab27b9,BenchmarkTest02243;BenchmarkTest02244,True,completed,,completed,,45934,84672,37767,33882
cmdi,104,cmdi-b0104-eeb7cc9e07,BenchmarkTest02249;BenchmarkTest02250,True,completed,,completed,,48887,94581,37822,33979
cmdi,105,cmdi-b0105-f151f753b2,BenchmarkTest02251;BenchmarkTest02252,True,completed,,completed,,47938,87212,37817,33989
cmdi,106,cmdi-b0106-d50e25714e,BenchmarkTest02253;BenchmarkTest02333,True,completed,,completed,,73313,149683,37841,34013
cmdi,107,cmdi-b0107-052ee24803,BenchmarkTest02334;BenchmarkTest02335,True,completed,,completed,,45436,97343,37749,33864
cmdi,108,cmdi-b0108-921408fa0c,BenchmarkTest02336;BenchmarkTest02340,True,completed,,completed,,49919,82609,38044,34214
cmdi,109,cmdi-b0109-fea53a1ddc,BenchmarkTest02341;BenchmarkTest02342,True,completed,,completed,,47052,80539,37825,34008
cmdi,110,cmdi-b0110-fc3355eda4,BenchmarkTest02343;BenchmarkTest02344,True,completed,,completed,,45596,81056,37845,34028
cmdi,111,cmdi-b0111-6de0974339,BenchmarkTest02411;BenchmarkTest02412,False,excluded,flowdroid-oom+termination-2,excluded,flowdroid-oom+termination-2,554054,684926,37935,34062
cmdi,112,cmdi-b0112-23b8d74a6e,BenchmarkTest02413;BenchmarkTest02414,True,completed,,completed,,56708,92709,37748,33863
cmdi,113,cmdi-b0113-58e05d4758,BenchmarkTest02428;BenchmarkTest02429,False,excluded,flowdroid-oom+termination-2,excluded,flowdroid-oom+termination-2,3968507,7064145,37844,34001
cmdi,114,cmdi-b0114-60b4534625,BenchmarkTest02430;BenchmarkTest02431,False,missing,process-timeout,excluded,flowdroid-oom+termination-2,0,6820330,0,34194
cmdi,115,cmdi-b0115-fcc51f09f6,BenchmarkTest02432;BenchmarkTest02433,False,missing,process-timeout,excluded,flowdroid-oom+termination-2,0,7004103,0,34019
cmdi,116,cmdi-b0116-ffe5331b78,BenchmarkTest02496;BenchmarkTest02510,False,excluded,flowdroid-oom+termination-2,excluded,flowdroid-oom+termination-2,474908,870115,38034,34215
cmdi,117,cmdi-b0117-11a5e66439,BenchmarkTest02511;BenchmarkTest02512,True,completed,,completed,,45544,80410,37809,33992
cmdi,118,cmdi-b0118-d187985faf,BenchmarkTest02513;BenchmarkTest02514,True,completed,,completed,,724154,275406,38000,34182
cmdi,119,cmdi-b0119-2788b9a4e6,BenchmarkTest02515;BenchmarkTest02516,False,missing,process-timeout,excluded,flowdroid-oom+termination-2,0,5542955,0,34018
cmdi,120,cmdi-b0120-9f08b448d0,BenchmarkTest02517;BenchmarkTest02518,True,completed,,completed,,50065,82484,37832,34015
cmdi,121,cmdi-b0121-cae1100148,BenchmarkTest02610;BenchmarkTest02611,True,completed,,completed,,51381,83384,37878,34037
cmdi,122,cmdi-b0122-425c48ca88,BenchmarkTest02612;BenchmarkTest02613,True,completed,,completed,,48454,85678,37868,34038
cmdi,123,cmdi-b0123-2c76e5dd8f,BenchmarkTest02697;BenchmarkTest02698,True,completed,,completed,,46206,92410,37776,33891
cmdi,124,cmdi-b0124-2843576f98,BenchmarkTest02699;BenchmarkTest02713,True,completed,,completed,,64792,121767,37809,33992
cmdi,125,cmdi-b0125-d00c063e40,BenchmarkTest02714,True,completed,,completed,,44398,87092,37805,33988
ldapi,0,ldapi-b0000-731039216d,BenchmarkTest00012;BenchmarkTest00021,True,completed,,completed,,44175,88977,38220,34657
ldapi,1,ldapi-b0001-67ee595018,BenchmarkTest00044;BenchmarkTest00138,True,completed,,completed,,49135,87811,38221,34658
ldapi,2,ldapi-b0002-0dcefb4331,BenchmarkTest00139;BenchmarkTest00367,False,excluded,flowdroid-oom+termination-2,excluded,flowdroid-oom+termination-2,521602,688432,38484,34920
ldapi,3,ldapi-b0003-8356d56865,BenchmarkTest00530;BenchmarkTest00630,True,completed,,completed,,47749,91434,38190,34640
ldapi,4,ldapi-b0004-6a81732a6f,BenchmarkTest00694;BenchmarkTest00695,False,excluded,flowdroid-oom+termination-2,excluded,flowdroid-oom+termination-2,11593379,4937519,38190,34640
ldapi,5,ldapi-b0005-a8a83f0af3,BenchmarkTest00701;BenchmarkTest00860,False,excluded,flowdroid-oom+termination-2,excluded,flowdroid-oom+termination-2,3536702,6029213,38438,34887
ldapi,6,ldapi-b0006-4ddc9ca7a5,BenchmarkTest00861;BenchmarkTest00947,True,completed,,completed,,47555,94328,38245,34682
ldapi,7,ldapi-b0007-c52551cac0,BenchmarkTest00948;BenchmarkTest00959,False,excluded,flowdroid-oom+termination-2,excluded,flowdroid-oom+termination-2,5103537,13655114,38232,34669
ldapi,8,ldapi-b0008-84f5a091bc,BenchmarkTest01023;BenchmarkTest01024,True,completed,,completed,,47131,91440,38229,34666
ldapi,9,ldapi-b0009-bf9d7f542e,BenchmarkTest01154;BenchmarkTest01241,False,excluded,flowdroid-oom+termination-2,completed,,878809,231564,38431,34867
ldapi,10,ldapi-b0010-4c8e3503df,BenchmarkTest01242;BenchmarkTest01243,True,completed,,completed,,48961,97588,38214,34664
ldapi,11,ldapi-b0011-50cff4137d,BenchmarkTest01326;BenchmarkTest01327,True,completed,,completed,,51436,91741,38401,34850
ldapi,12,ldapi-b0012-3d2cbf82aa,BenchmarkTest01402;BenchmarkTest01490,False,excluded,flowdroid-oom+termination-2,excluded,flowdroid-oom+termination-2,499751,6816985,38201,34651
ldapi,13,ldapi-b0013-6018d92712,BenchmarkTest01491;BenchmarkTest01492,False,excluded,flowdroid-oom+termination-2,excluded,flowdroid-oom+termination-2,763639,946888,38441,34890
ldapi,14,ldapi-b0014-b908b13ad0,BenchmarkTest01501;BenchmarkTest01568,False,completed,,excluded,flowdroid-oom+termination-2,362350,820511,38404,34853
ldapi,15,ldapi-b0015-3bfc05025e,BenchmarkTest01569;BenchmarkTest01743,False,excluded,flowdroid-oom+termination-2,excluded,flowdroid-oom+termination-2,611359,786183,38444,34893
ldapi,16,ldapi-b0016-b1d935a96a,BenchmarkTest01753;BenchmarkTest01754,True,completed,,completed,,46404,86706,38405,34854
ldapi,17,ldapi-b0017-1de69ae6c0,BenchmarkTest01755;BenchmarkTest01756,True,completed,,completed,,46798,79072,38203,34653
ldapi,18,ldapi-b0018-e0851234b3,BenchmarkTest01831;BenchmarkTest01832,True,completed,,completed,,73772,218087,38421,34857
ldapi,19,ldapi-b0019-fa448d7ee9,BenchmarkTest01902;BenchmarkTest01903,True,completed,,completed,,53419,96090,38229,34666
ldapi,20,ldapi-b0020-24163dee7f,BenchmarkTest01909;BenchmarkTest02025,False,missing,process-timeout,excluded,flowdroid-oom+termination-2,0,8003493,0,34666
ldapi,21,ldapi-b0021-fc319957e2,BenchmarkTest02036;BenchmarkTest02037,True,completed,,completed,,53895,94658,38229,34666
ldapi,22,ldapi-b0022-4e476b7bf9,BenchmarkTest02104;BenchmarkTest02114,True,completed,,completed,,56128,100097,38199,34649
ldapi,23,ldapi-b0023-e648555318,BenchmarkTest02115;BenchmarkTest02116,False,excluded,flowdroid-oom+termination-2,excluded,flowdroid-oom+termination-2,6497085,6430779,38195,34645
ldapi,24,ldapi-b0024-4e3a8716b6,BenchmarkTest02196;BenchmarkTest02208,True,completed,,completed,,50058,96432,38190,34640
ldapi,25,ldapi-b0025-e9af750e01,BenchmarkTest02299;BenchmarkTest02305,True,completed,,completed,,50930,90400,38396,34845
ldapi,26,ldapi-b0026-b219ec115b,BenchmarkTest02306;BenchmarkTest02376,True,completed,,completed,,44235,93903,38211,34661
ldapi,27,ldapi-b0027-a5d55f18d4,BenchmarkTest02384;BenchmarkTest02472,False,completed,,excluded,flowdroid-oom+termination-2,132334,783287,38399,34848
ldapi,28,ldapi-b0028-2b56c39113,BenchmarkTest02553;BenchmarkTest02571,False,excluded,flowdroid-oom+termination-2,excluded,flowdroid-oom+termination-2,6560983,4050967,38230,34667
ldapi,29,ldapi-b0029-3894e3ead8,BenchmarkTest02572,True,completed,,completed,,49777,87946,38193,34630
pathtraver,0,pathtraver-b0000-604491aa93,BenchmarkTest00001;BenchmarkTest00002,True,completed,,completed,,52320,91151,37501,34083
pathtraver,1,pathtraver-b0001-083977b533,BenchmarkTest00011;BenchmarkTest00028,True,completed,,completed,,45810,74896,37468,34052
pathtraver,2,pathtraver-b0002-9e420972b8,BenchmarkTest00040;BenchmarkTest00045,True,completed,,completed,,49223,90124,37447,34044
pathtraver,3,pathtraver-b0003-12f13fe32b,BenchmarkTest00060;BenchmarkTest00061,False,excluded,flowdroid-oom+termination-2,excluded,flowdroid-oom+termination-2,716635,943111,37660,34243
pathtraver,4,pathtraver-b0004-cbf3114b95,BenchmarkTest00062;BenchmarkTest00063,False,excluded,flowdroid-oom+termination-2,missing,process-timeout,4165358,0,37530,0
pathtraver,5,pathtraver-b0005-02ae0fc23d,BenchmarkTest00064;BenchmarkTest00065,False,excluded,flowdroid-oom+termination-2,excluded,flowdroid-oom+termination-2,751308,1018854,37721,34302
pathtraver,6,pathtraver-b0006-2bc6bc6146,BenchmarkTest00131;BenchmarkTest00132,True,completed,,completed,,54560,90913,37495,34077
pathtraver,7,pathtraver-b0007-304d7a33ca,BenchmarkTest00133;BenchmarkTest00134,False,excluded,flowdroid-oom+termination-2,completed,,652058,96035,37500,34084
pathtraver,8,pathtraver-b0008-b6d5951996,BenchmarkTest00135;BenchmarkTest00136,True,completed,,completed,,48742,87908,37494,34078
pathtraver,9,pathtraver-b0009-0ec1d7b179,BenchmarkTest00137;BenchmarkTest00215,False,excluded,flowdroid-oom+termination-2,excluded,flowdroid-oom+termination-2,587116,640707,37518,34100
pathtraver,10,pathtraver-b0010-3186bc865e,BenchmarkTest00216;BenchmarkTest00217,True,completed,,completed,,42104,101921,37666,34262
pathtraver,11,pathtraver-b0011-a8b347676c,BenchmarkTest00218;BenchmarkTest00219,True,completed,,completed,,53725,90421,37477,34072
pathtraver,12,pathtraver-b0012-be8520a650,BenchmarkTest00220;BenchmarkTest00221,True,completed,,completed,,50751,83470,37688,34284
pathtraver,13,pathtraver-b0013-b5b959254a,BenchmarkTest00222;BenchmarkTest00261,True,completed,,completed,,46259,82791,37714,34297
pathtraver,14,pathtraver-b0014-031d8d3ad8,BenchmarkTest00262;BenchmarkTest00263,True,completed,,completed,,46461,83145,37495,34077
pathtraver,15,pathtraver-b0015-76d703e91f,BenchmarkTest00264;BenchmarkTest00265,True,completed,,completed,,52878,85131,37511,34093
pathtraver,16,pathtraver-b0016-8b32d6039d,BenchmarkTest00359;BenchmarkTest00360,False,excluded,flowdroid-oom+termination-2,completed,,794725,210162,37659,34253
pathtraver,17,pathtraver-b0017-a810d65f5f,BenchmarkTest00361;BenchmarkTest00362,True,completed,,completed,,48417,96703,37447,34044
pathtraver,18,pathtraver-b0018-d3ef27ab04,BenchmarkTest00363;BenchmarkTest00364,False,excluded,flowdroid-oom+termination-2,completed,,497230,80403,37462,34059
pathtraver,19,pathtraver-b0019-2ab0142498,BenchmarkTest00365;BenchmarkTest00366,False,excluded,flowdroid-oom+termination-2,excluded,flowdroid-oom+termination-2,576870,641670,37512,34105
pathtraver,20,pathtraver-b0020-b9290a2d40,BenchmarkTest00452;BenchmarkTest00453,True,completed,,completed,,42570,80994,37645,34241
pathtraver,21,pathtraver-b0021-63a74de446,BenchmarkTest00454;BenchmarkTest00455,True,completed,,completed,,41935,78462,37673,34267
pathtraver,22,pathtraver-b0022-11c9c5a44f,BenchmarkTest00456;BenchmarkTest00457,True,completed,,completed,,48105,87078,37457,34054
pathtraver,23,pathtraver-b0023-085ed87787,BenchmarkTest00458;BenchmarkTest00459,True,completed,,completed,,51238,94138,37647,34243
pathtraver,24,pathtraver-b0024-262e87e36b,BenchmarkTest00460;BenchmarkTest00525,True,completed,,completed,,54633,99034,37724,34318
pathtraver,25,pathtraver-b0025-f6ea8d1f4a,BenchmarkTest00526;BenchmarkTest00527,True,completed,,completed,,47942,86774,37097,33684
pathtraver,26,pathtraver-b0026-7ef152001a,BenchmarkTest00528;BenchmarkTest00529,True,completed,,completed,,46821,82568,37457,34054
pathtraver,27,pathtraver-b0027-bbccb3d5ab,BenchmarkTest00619;BenchmarkTest00620,True,completed,,completed,,42318,88084,37440,34037
pathtraver,28,pathtraver-b0028-70a726a09f,BenchmarkTest00621;BenchmarkTest00622,False,excluded,flowdroid-oom+termination-2,excluded,flowdroid-oom+termination-2,8444769,4683999,37671,34267
pathtraver,29,pathtraver-b0029-d0a082c531,BenchmarkTest00623;BenchmarkTest00624,False,excluded,flowdroid-oom+termination-2,excluded,flowdroid-oom+termination-2,441127,629865,37659,34255
pathtraver,30,pathtraver-b0030-9838cb9789,BenchmarkTest00625;BenchmarkTest00626,False,excluded,flowdroid-oom+termination-2,completed,,669380,95187,37454,34051
pathtraver,31,pathtraver-b0031-4efccca10c,BenchmarkTest00627;BenchmarkTest00628,False,excluded,flowdroid-oom+termination-2,excluded,flowdroid-oom+termination-2,1711995,5759465,37697,34293
pathtraver,32,pathtraver-b0032-32b68e6851,BenchmarkTest00629;BenchmarkTest00696,True,completed,,completed,,43488,91176,37479,34074
pathtraver,33,pathtraver-b0033-1c4f46eee9,BenchmarkTest00697;BenchmarkTest00698,False,excluded,flowdroid-oom+termination-2,excluded,flowdroid-oom+termination-2,486223,877226,37299,33885
pathtraver,34,pathtraver-b0034-db30ff18bd,BenchmarkTest00699;BenchmarkTest00700,False,excluded,flowdroid-oom+termination-2,completed,,551600,293786,37635,34231
pathtraver,35,pathtraver-b0035-9d6613597c,BenchmarkTest00783;BenchmarkTest00784,False,excluded,flowdroid-oom+termination-2,missing,process-timeout,5915979,0,37513,0
pathtraver,36,pathtraver-b0036-11db52293a,BenchmarkTest00785;BenchmarkTest00786,False,missing,process-timeout,missing,process-timeout,0,0,0,0
pathtraver,37,pathtraver-b0037-37b4157b55,BenchmarkTest00787;BenchmarkTest00788,False,excluded,flowdroid-oom+termination-2,completed,,774278,210744,37701,34284
pathtraver,38,pathtraver-b0038-c3d30669e3,BenchmarkTest00862;BenchmarkTest00863,True,completed,,completed,,50779,80683,37446,34043
pathtraver,39,pathtraver-b0039-7d610b71a2,BenchmarkTest00864;BenchmarkTest00865,True,completed,,completed,,45506,76914,37455,34052
pathtraver,40,pathtraver-b0040-e9430b3f1a,BenchmarkTest00866;BenchmarkTest00867,True,completed,,completed,,49631,84908,37517,34112
pathtraver,41,pathtraver-b0041-f03e288eed,BenchmarkTest00949;BenchmarkTest00950,True,completed,,completed,,51469,80033,37461,34045
pathtraver,42,pathtraver-b0042-91e4dece59,BenchmarkTest00951;BenchmarkTest00952,False,excluded,flowdroid-oom+termination-2,completed,,598732,268328,37491,34075
pathtraver,43,pathtraver-b0043-28b51a565a,BenchmarkTest00953;BenchmarkTest00954,False,excluded,flowdroid-oom+termination-2,excluded,flowdroid-oom+termination-2,4831523,6174887,37509,34093
pathtraver,44,pathtraver-b0044-5ad1c53bb2,BenchmarkTest00955;BenchmarkTest00956,True,completed,,completed,,46009,83558,37497,34081
pathtraver,45,pathtraver-b0045-a3ff9180dd,BenchmarkTest00957;BenchmarkTest00958,False,excluded,flowdroid-oom+termination-2,excluded,flowdroid-oom+termination-2,661129,612209,37557,34137
pathtraver,46,pathtraver-b0046-dd2ef5b74c,BenchmarkTest01025;BenchmarkTest01026,False,excluded,flowdroid-oom+termination-2,excluded,flowdroid-oom+termination-2,624275,669198,37711,34294
pathtraver,47,pathtraver-b0047-2c5f1b78ed,BenchmarkTest01027;BenchmarkTest01028,True,completed,,completed,,45816,72455,37484,34068
pathtraver,48,pathtraver-b0048-6b8247d894,BenchmarkTest01029;BenchmarkTest01030,False,excluded,flowdroid-oom+termination-2,excluded,flowdroid-oom+termination-2,593152,895745,37514,34098
pathtraver,49,pathtraver-b0049-bc76a06dcb,BenchmarkTest01031;BenchmarkTest01032,True,completed,,completed,,52666,97659,37496,34080
pathtraver,50,pathtraver-b0050-92e19cf858,BenchmarkTest01033;BenchmarkTest01034,False,excluded,flowdroid-oom+termination-2,excluded,flowdroid-oom+termination-2,655139,895620,37710,34293
pathtraver,51,pathtraver-b0051-a8f6846c09,BenchmarkTest01035;BenchmarkTest01036,False,excluded,flowdroid-oom+termination-2,excluded,flowdroid-oom+termination-2,527062,772521,37537,34119
pathtraver,52,pathtraver-b0052-9f382fbec5,BenchmarkTest01109;BenchmarkTest01110,True,completed,,completed,,38703,80114,37688,34284
pathtraver,53,pathtraver-b0053-21968321a5,BenchmarkTest01111;BenchmarkTest01112,True,completed,,completed,,50337,96907,37460,34057
pathtraver,54,pathtraver-b0054-6bf0a17b4b,BenchmarkTest01113;BenchmarkTest01114,True,completed,,completed,,47267,86724,37702,34298
pathtraver,55,pathtraver-b0055-81534acf12,BenchmarkTest01115;BenchmarkTest01116,True,completed,,completed,,46493,78251,37714,34310
pathtraver,56,pathtraver-b0056-90b7993eba,BenchmarkTest01117;BenchmarkTest01118,True,completed,,completed,,45758,89890,37716,34310
pathtraver,57,pathtraver-b0057-cd8a345a79,BenchmarkTest01155;BenchmarkTest01156,True,completed,,completed,,46681,85927,37489,34073
pathtraver,58,pathtraver-b0058-c4f5b62c11,BenchmarkTest01157;BenchmarkTest01158,True,completed,,completed,,52051,90508,37499,34083
pathtraver,59,pathtraver-b0059-13b9576e32,BenchmarkTest01159;BenchmarkTest01160,True,completed,,completed,,44841,85554,37733,34316
pathtraver,60,pathtraver-b0060-37b6a4e1cf,BenchmarkTest01161;BenchmarkTest01231,False,excluded,flowdroid-oom+termination-2,excluded,flowdroid-oom+termination-2,6624250,5142049,37488,34072
pathtraver,61,pathtraver-b0061-d819b89d18,BenchmarkTest01232;BenchmarkTest01233,True,completed,,completed,,49004,87748,37452,34049
pathtraver,62,pathtraver-b0062-61cb34ba77,BenchmarkTest01234;BenchmarkTest01235,False,excluded,flowdroid-oom+termination-2,excluded,flowdroid-oom+termination-2,490522,765002,37467,34064
pathtraver,63,pathtraver-b0063-357d4f5aa7,BenchmarkTest01236;BenchmarkTest01237,True,completed,,completed,,42383,78722,37474,34071
pathtraver,64,pathtraver-b0064-728978dee0,BenchmarkTest01238;BenchmarkTest01239,True,completed,,completed,,46402,84242,37475,34072
pathtraver,65,pathtraver-b0065-ee5f06837a,BenchmarkTest01240;BenchmarkTest01328,True,completed,,completed,,47007,90762,37703,34299
pathtraver,66,pathtraver-b0066-f56dafe149,BenchmarkTest01329;BenchmarkTest01330,True,completed,,completed,,42973,94227,37463,34060
pathtraver,67,pathtraver-b0067-43fc91d126,BenchmarkTest01331;BenchmarkTest01403,True,completed,,completed,,46096,82951,37468,34065
pathtraver,68,pathtraver-b0068-1e437b87f0,BenchmarkTest01404;BenchmarkTest01405,True,completed,,completed,,47890,78112,37708,34302
pathtraver,69,pathtraver-b0069-f850f085e5,BenchmarkTest01406;BenchmarkTest01407,True,completed,,completed,,46470,86601,37467,34064
pathtraver,70,pathtraver-b0070-d6108b1817,BenchmarkTest01408;BenchmarkTest01409,True,completed,,completed,,46441,88069,37521,34116
pathtraver,71,pathtraver-b0071-fb93f92d1a,BenchmarkTest01493;BenchmarkTest01494,False,excluded,flowdroid-oom+termination-2,excluded,flowdroid-oom+termination-2,7410994,4517833,37442,34039
pathtraver,72,pathtraver-b0072-cbef5a76ad,BenchmarkTest01495;BenchmarkTest01496,True,completed,,completed,,48642,99588,37467,34064
pathtraver,73,pathtraver-b0073-4b9480b757,BenchmarkTest01497;BenchmarkTest01498,False,excluded,flowdroid-oom+termination-2,completed,,698161,384085,37676,34272
pathtraver,74,pathtraver-b0074-3ee86389b1,BenchmarkTest01499;BenchmarkTest01500,False,excluded,flowdroid-oom+termination-2,excluded,flowdroid-oom+termination-2,537534,800353,37505,34100
pathtraver,75,pathtraver-b0075-c68ab89b8e,BenchmarkTest01570;BenchmarkTest01571,True,completed,,completed,,49039,79679,37431,34028
pathtraver,76,pathtraver-b0076-2c6dc060df,BenchmarkTest01572;BenchmarkTest01573,True,completed,,completed,,50174,82119,37527,34120
pathtraver,77,pathtraver-b0077-270bb00f2e,BenchmarkTest01574;BenchmarkTest01642,False,excluded,flowdroid-oom+termination-2,excluded,flowdroid-oom+termination-2,4529890,6782145,37500,34084
pathtraver,78,pathtraver-b0078-dfd701ffdc,BenchmarkTest01643;BenchmarkTest01644,True,completed,,completed,,51535,88231,37514,34096
pathtraver,79,pathtraver-b0079-74f16a1a91,BenchmarkTest01645;BenchmarkTest01646,False,excluded,flowdroid-oom+termination-2,excluded,flowdroid-oom+termination-2,4210646,4549336,37497,34081
pathtraver,80,pathtraver-b0080-d475d8ec81,BenchmarkTest01647;BenchmarkTest01744,True,completed,,completed,,46279,81498,37720,34303
pathtraver,81,pathtraver-b0081-68ff656fbe,BenchmarkTest01745;BenchmarkTest01746,True,completed,,completed,,44470,86794,37447,34044
pathtraver,82,pathtraver-b0082-5e67917e55,BenchmarkTest01747;BenchmarkTest01748,True,completed,,completed,,42943,82402,37493,34088
pathtraver,83,pathtraver-b0083-9b5e2e0c61,BenchmarkTest01749;BenchmarkTest01750,True,completed,,completed,,42212,92042,37504,34099
pathtraver,84,pathtraver-b0084-af99b3583e,BenchmarkTest01751;BenchmarkTest01752,True,completed,,completed,,44057,81140,37473,34070
pathtraver,85,pathtraver-b0085-d788a17818,BenchmarkTest01833;BenchmarkTest01834,False,excluded,flowdroid-oom+termination-2,excluded,flowdroid-oom+termination-2,11959540,654229,37461,34045
pathtraver,86,pathtraver-b0086-7e90bfaa24,BenchmarkTest01835;BenchmarkTest01836,False,excluded,flowdroid-oom+termination-2,excluded,flowdroid-oom+termination-2,541879,804959,37473,34057
pathtraver,87,pathtraver-b0087-2a6d20c39e,BenchmarkTest01837;BenchmarkTest01838,False,excluded,flowdroid-oom+termination-2,completed,,710791,239634,37509,34091
pathtraver,88,pathtraver-b0088-cb55353c3a,BenchmarkTest01839;BenchmarkTest01840,True,completed,,completed,,46131,89602,37477,34061
pathtraver,89,pathtraver-b0089-11c6575c81,BenchmarkTest01841;BenchmarkTest01904,False,excluded,flowdroid-oom+termination-2,excluded,flowdroid-oom+termination-2,6183461,2946682,37730,34313
pathtraver,90,pathtraver-b0090-023e364ffd,BenchmarkTest01905;BenchmarkTest01906,False,excluded,flowdroid-oom+termination-2,excluded,flowdroid-oom+termination-2,3941424,4891139,37496,34080
pathtraver,91,pathtraver-b0091-95bf1040b5,BenchmarkTest01907;BenchmarkTest01908,True,completed,,completed,,41886,78799,37530,34112
pathtraver,92,pathtraver-b0092-e895de874f,BenchmarkTest01983;BenchmarkTest01984,True,completed,,completed,,47392,81053,37431,34028
pathtraver,93,pathtraver-b0093-3faa14d240,BenchmarkTest01985;BenchmarkTest01986,True,completed,,completed,,46320,85636,37650,34246
pathtraver,94,pathtraver-b0094-60d3659fc9,BenchmarkTest01987;BenchmarkTest01988,True,completed,,completed,,44802,86161,37681,34275
pathtraver,95,pathtraver-b0095-2446f487e3,BenchmarkTest01989;BenchmarkTest01990,True,completed,,completed,,39640,77778,37450,34047
pathtraver,96,pathtraver-b0096-60c1d25346,BenchmarkTest01991;BenchmarkTest02026,True,completed,,completed,,50265,92403,37763,34344
pathtraver,97,pathtraver-b0097-1ecfe0e053,BenchmarkTest02027;BenchmarkTest02028,True,completed,,completed,,41461,84118,37460,34044
pathtraver,98,pathtraver-b0098-16ea779643,BenchmarkTest02029;BenchmarkTest02030,True,completed,,completed,,47733,89925,37725,34308
pathtraver,99,pathtraver-b0099-19a91f42e3,BenchmarkTest02031;BenchmarkTest02032,True,completed,,completed,,44747,81058,37509,34091
pathtraver,100,pathtraver-b0100-1b2a915e1e,BenchmarkTest02033;BenchmarkTest02034,True,completed,,completed,,43759,88167,37494,34078
pathtraver,101,pathtraver-b0101-7d41877371,BenchmarkTest02035;BenchmarkTest02105,True,completed,,completed,,49111,101162,37518,34100
pathtraver,102,pathtraver-b0102-0f7e5330d1,BenchmarkTest02106;BenchmarkTest02107,False,excluded,flowdroid-oom+termination-2,completed,,683063,220070,37281,33867
pathtraver,103,pathtraver-b0103-cc55224f52,BenchmarkTest02108;BenchmarkTest02109,False,excluded,flowdroid-oom+termination-2,excluded,flowdroid-oom+termination-2,589565,6478897,37653,34249
pathtraver,104,pathtraver-b0104-6b4429e1ab,BenchmarkTest02110;BenchmarkTest02111,True,completed,,completed,,46943,83656,37469,34066
pathtraver,105,pathtraver-b0105-73b4ff6db2,BenchmarkTest02112;BenchmarkTest02113,True,completed,,completed,,46914,80350,37491,34086
pathtraver,106,pathtraver-b0106-b7fddb9773,BenchmarkTest02197;BenchmarkTest02198,True,completed,,completed,,40393,78764,37430,34027
pathtraver,107,pathtraver-b0107-31f926ede5,BenchmarkTest02199;BenchmarkTest02200,True,completed,,completed,,44318,89453,37079,33666
pathtraver,108,pathtraver-b0108-83f86021be,BenchmarkTest02201;BenchmarkTest02202,True,completed,,completed,,44488,76910,37471,34066
pathtraver,109,pathtraver-b0109-0555fbbe12,BenchmarkTest02203;BenchmarkTest02204,True,completed,,completed,,49636,97899,37706,34302
pathtraver,110,pathtraver-b0110-e569a4437e,BenchmarkTest02205;BenchmarkTest02206,True,completed,,completed,,51283,86199,37489,34084
pathtraver,111,pathtraver-b0111-62f1b4a23b,BenchmarkTest02207;BenchmarkTest02300,True,completed,,completed,,47440,83104,37722,34316
pathtraver,112,pathtraver-b0112-e19109f4bc,BenchmarkTest02301;BenchmarkTest02302,True,completed,,completed,,51565,83117,37105,33692
pathtraver,113,pathtraver-b0113-4ac4e8ce20,BenchmarkTest02303;BenchmarkTest02304,True,completed,,completed,,43236,81360,37480,34075
pathtraver,114,pathtraver-b0114-b30941e931,BenchmarkTest02377;BenchmarkTest02378,True,completed,,completed,,43519,86942,37461,34058
pathtraver,115,pathtraver-b0115-743f673c50,BenchmarkTest02379;BenchmarkTest02380,False,excluded,flowdroid-oom+termination-2,excluded,flowdroid-oom+termination-2,582800,636982,37705,34301
pathtraver,116,pathtraver-b0116-f7e55e70af,BenchmarkTest02381;BenchmarkTest02382,False,excluded,flowdroid-oom+termination-2,excluded,flowdroid-oom+termination-2,3878988,5127782,37469,34066
pathtraver,117,pathtraver-b0117-89086f3101,BenchmarkTest02383;BenchmarkTest02462,False,excluded,flowdroid-oom+termination-2,excluded,flowdroid-oom+termination-2,676007,5901101,37445,34042
pathtraver,118,pathtraver-b0118-6a3fe32a43,BenchmarkTest02463;BenchmarkTest02464,True,completed,,completed,,49286,88395,37424,34021
pathtraver,119,pathtraver-b0119-2309707764,BenchmarkTest02465;BenchmarkTest02466,True,completed,,completed,,41270,88015,37496,34089
pathtraver,120,pathtraver-b0120-424b924fc5,BenchmarkTest02467;BenchmarkTest02468,False,excluded,flowdroid-oom+termination-2,excluded,flowdroid-oom+termination-2,480931,655176,37709,34305
pathtraver,121,pathtraver-b0121-42d7e8b939,BenchmarkTest02469;BenchmarkTest02470,False,excluded,flowdroid-oom+termination-2,excluded,flowdroid-oom+termination-2,745685,684940,37647,34243
pathtraver,122,pathtraver-b0122-e200bfd5b0,BenchmarkTest02471;BenchmarkTest02554,True,completed,,completed,,44594,85054,37511,34093
pathtraver,123,pathtraver-b0123-f0dc196fad,BenchmarkTest02555;BenchmarkTest02556,True,completed,,completed,,100781,182111,37317,33890
pathtraver,124,pathtraver-b0124-22e7bd1b86,BenchmarkTest02557;BenchmarkTest02558,True,completed,,completed,,42255,82737,37121,33695
pathtraver,125,pathtraver-b0125-23aecadf8b,BenchmarkTest02559;BenchmarkTest02560,True,completed,,completed,,44680,86241,37528,34110
pathtraver,126,pathtraver-b0126-8bd1bb3da3,BenchmarkTest02561;BenchmarkTest02562,True,completed,,completed,,50539,86238,37493,34077
pathtraver,127,pathtraver-b0127-6c239f16b0,BenchmarkTest02563;BenchmarkTest02564,False,excluded,flowdroid-oom+termination-2,excluded,flowdroid-oom+termination-2,559467,622812,37725,34308
pathtraver,128,pathtraver-b0128-06eb1039e9,BenchmarkTest02565;BenchmarkTest02566,True,completed,,completed,,117796,174746,37698,34281
pathtraver,129,pathtraver-b0129-21dde40dcb,BenchmarkTest02567;BenchmarkTest02568,True,completed,,completed,,41702,89485,37484,34068
pathtraver,130,pathtraver-b0130-2e5b57e5d0,BenchmarkTest02569;BenchmarkTest02570,True,completed,,completed,,47300,85884,37532,34114
pathtraver,131,pathtraver-b0131-e8baa432cc,BenchmarkTest02664;BenchmarkTest02665,True,completed,,completed,,39974,78887,37466,34061
pathtraver,132,pathtraver-b0132-6716efd9b8,BenchmarkTest02666;BenchmarkTest02667,True,completed,,completed,,40915,82631,37462,34059
pathtraver,133,pathtraver-b0133-af66556a40,BenchmarkTest02668;BenchmarkTest02669,True,completed,,completed,,48597,81649,37463,34060
sqli,0,sqli-b0000-c39824f236,BenchmarkTest00008;BenchmarkTest00018,True,completed,,completed,,894133,409155,127714,111767
sqli,1,sqli-b0001-4f18813be4,BenchmarkTest00024;BenchmarkTest00025,True,completed,,completed,,890509,397727,128316,112340
sqli,2,sqli-b0002-1522ab2710,BenchmarkTest00026;BenchmarkTest00027,True,completed,,completed,,911221,395025,128477,112602
sqli,3,sqli-b0003-a01f81b72c,BenchmarkTest00032;BenchmarkTest00033,True,completed,,completed,,870482,398492,128493,112618
sqli,4,sqli-b0004-77f4f7d52f,BenchmarkTest00034;BenchmarkTest00037,True,completed,,completed,,845435,362920,127672,111738
sqli,5,sqli-b0005-86633b66a2,BenchmarkTest00038;BenchmarkTest00039,True,completed,,completed,,916661,401934,128472,112420
sqli,6,sqli-b0006-70475ede3b,BenchmarkTest00043;BenchmarkTest00052,True,completed,,completed,,933545,417564,127683,111749
sqli,7,sqli-b0007-c482fcc160,BenchmarkTest00100;BenchmarkTest00101,False,excluded,flowdroid-oom+termination-2,excluded,flowdroid-oom+termination-2,1308694,3255209,127715,111768
sqli,8,sqli-b0008-9d389a589c,BenchmarkTest00102;BenchmarkTest00103,True,completed,,completed,,931350,410281,129006,112884
sqli,9,sqli-b0009-588a4cc6ef,BenchmarkTest00104;BenchmarkTest00105,True,completed,,completed,,865487,2310341,128215,112228
sqli,10,sqli-b0010-bd152a58dd,BenchmarkTest00106;BenchmarkTest00107,False,excluded,flowdroid-oom+termination-2,excluded,flowdroid-oom+termination-2,1416293,3806390,127932,111984
sqli,11,sqli-b0011-17680b97d2,BenchmarkTest00108;BenchmarkTest00109,False,completed,,excluded,flowdroid-oom+termination-2,968105,3764895,127894,111946
sqli,12,sqli-b0012-6157f74bce,BenchmarkTest00110;BenchmarkTest00111,False,excluded,flowdroid-oom+termination-2,excluded,flowdroid-oom+termination-2,1437634,3631459,127938,111990
sqli,13,sqli-b0013-83f55579b1,BenchmarkTest00112;BenchmarkTest00113,False,excluded,flowdroid-oom+termination-2,excluded,flowdroid-oom+termination-2,2852941,4827064,127730,111783
sqli,14,sqli-b0014-a4e5f44983,BenchmarkTest00114;BenchmarkTest00115,False,excluded,flowdroid-oom+termination-2,excluded,flowdroid-oom+termination-2,2921688,4699264,127709,111762
sqli,15,sqli-b0015-92cbcf1886,BenchmarkTest00190;BenchmarkTest00191,True,completed,,completed,,851854,361931,127715,111768
sqli,16,sqli-b0016-5d4394d4d5,BenchmarkTest00192;BenchmarkTest00193,True,completed,,completed,,909498,387984,127709,111762
sqli,17,sqli-b0017-87879ed716,BenchmarkTest00194;BenchmarkTest00195,True,completed,,completed,,957850,3196732,128420,112432
sqli,18,sqli-b0018-ca5f244bb2,BenchmarkTest00196;BenchmarkTest00197,True,completed,,completed,,1195927,2927716,128239,112252
sqli,19,sqli-b0019-64c69caf3f,BenchmarkTest00198;BenchmarkTest00199,True,completed,,completed,,857252,380619,128373,112384
sqli,20,sqli-b0020-9a0fb2e13a,BenchmarkTest00200;BenchmarkTest00201,False,excluded,flowdroid-oom+termination-2,excluded,flowdroid-oom+termination-2,1273695,3109770,128442,112454
sqli,21,sqli-b0021-fb6e94935a,BenchmarkTest00202;BenchmarkTest00203,False,excluded,flowdroid-oom+termination-2,excluded,flowdroid-oom+termination-2,1253466,3641311,127930,111982
sqli,22,sqli-b0022-325a7dbd4e,BenchmarkTest00204;BenchmarkTest00205,True,completed,,completed,,855107,385848,127734,111787
sqli,23,sqli-b0023-087e0e9864,BenchmarkTest00206;BenchmarkTest00328,False,excluded,flowdroid-oom+termination-2,excluded,flowdroid-oom+termination-2,1325497,3694128,127936,111988
sqli,24,sqli-b0024-dcf8cfd543,BenchmarkTest00329;BenchmarkTest00330,True,completed,,completed,,873208,360550,127930,111982
sqli,25,sqli-b0025-81084bf281,BenchmarkTest00331;BenchmarkTest00332,True,completed,,completed,,845235,374616,127936,111988
sqli,26,sqli-b0026-b67231e490,BenchmarkTest00333;BenchmarkTest00334,True,completed,,completed,,894616,370147,127930,111982
sqli,27,sqli-b0027-53c17aa06d,BenchmarkTest00335;BenchmarkTest00336,True,completed,,completed,,837887,377795,128352,112363
sqli,28,sqli-b0028-9fb00c1896,BenchmarkTest00337;BenchmarkTest00338,True,completed,,completed,,874738,369620,128891,112780
sqli,29,sqli-b0029-c4c1ee24be,BenchmarkTest00339;BenchmarkTest00340,True,completed,,completed,,857973,406163,128563,112675
sqli,30,sqli-b0030-c184feac57,BenchmarkTest00341;BenchmarkTest00342,True,completed,,completed,,882448,405185,128221,112234
sqli,31,sqli-b0031-0a578d4a8e,BenchmarkTest00343;BenchmarkTest00344,True,completed,,completed,,852990,372627,127714,111767
sqli,32,sqli-b0032-0e02037c15,BenchmarkTest00428;BenchmarkTest00429,True,completed,,completed,,823101,367951,127678,111744
sqli,33,sqli-b0033-56ab814113,BenchmarkTest00430;BenchmarkTest00431,True,completed,,completed,,862998,383851,128181,112207
sqli,34,sqli-b0034-1256094c02,BenchmarkTest00432;BenchmarkTest00433,True,completed,,completed,,879010,2612105,128802,112647
sqli,35,sqli-b0035-8e1ede5d57,BenchmarkTest00434;BenchmarkTest00435,False,excluded,flowdroid-oom+termination-2,excluded,flowdroid-oom+termination-2,1185922,3504001,128208,112234
sqli,36,sqli-b0036-e88c19b6b5,BenchmarkTest00436;BenchmarkTest00437,True,completed,,completed,,852617,381685,127672,111738
sqli,37,sqli-b0037-4bdc628644,BenchmarkTest00438;BenchmarkTest00439,True,completed,,completed,,858334,388279,127678,111744
sqli,38,sqli-b0038-1688e008f6,BenchmarkTest00440;BenchmarkTest00441,False,excluded,flowdroid-oom+termination-2,excluded,flowdroid-oom+termination-2,1848073,4623585,127698,111764
sqli,39,sqli-b0039-24ecb5daa3,BenchmarkTest00509;BenchmarkTest00510,True,completed,,completed,,862383,366817,127679,111745
sqli,40,sqli-b0040-1204e60027,BenchmarkTest00511;BenchmarkTest00512,True,completed,,completed,,840918,376994,128185,112211
sqli,41,sqli-b0041-b8ce7a809f,BenchmarkTest00513;BenchmarkTest00514,True,completed,,completed,,862005,399550,127678,111744
sqli,42,sqli-b0042-45b66757f8,BenchmarkTest00515;BenchmarkTest00516,True,completed,,completed,,834511,381130,127679,111745
sqli,43,sqli-b0043-2b96d04fe8,BenchmarkTest00517;BenchmarkTest00518,True,completed,,completed,,858871,368619,127698,111764
sqli,44,sqli-b0044-5f33460f44,BenchmarkTest00519;BenchmarkTest00589,True,completed,,completed,,842653,376248,127690,111756
sqli,45,sqli-b0045-11b74680ef,BenchmarkTest00590;BenchmarkTest00591,True,completed,,completed,,894425,511429,127698,111764
sqli,46,sqli-b0046-6c38dfbf0f,BenchmarkTest00592;BenchmarkTest00593,True,completed,,completed,,1093035,592207,127895,111960
sqli,47,sqli-b0047-a027a9cade,BenchmarkTest00594;BenchmarkTest00595,True,completed,,completed,,832736,386076,127677,111743
sqli,48,sqli-b0048-d9a862ff93,BenchmarkTest00596;BenchmarkTest00597,True,completed,,completed,,889097,383694,128822,112667
sqli,49,sqli-b0049-588776b95a,BenchmarkTest00598;BenchmarkTest00599,True,completed,,completed,,883912,436153,128719,112672
sqli,50,sqli-b0050-ff90bf9dd9,BenchmarkTest00600;BenchmarkTest00601,True,completed,,completed,,851425,395178,128184,112210
sqli,51,sqli-b0051-f759b8580f,BenchmarkTest00602;BenchmarkTest00603,True,completed,,completed,,859773,371457,127698,111764
sqli,52,sqli-b0052-97ba35000a,BenchmarkTest00604;BenchmarkTest00605,True,completed,,completed,,873076,418867,127867,111932
sqli,53,sqli-b0053-b82db7e83e,BenchmarkTest00606;BenchmarkTest00672,True,completed,,completed,,1160278,431951,127681,111747
sqli,54,sqli-b0054-0c4956a6bb,BenchmarkTest00673;BenchmarkTest00674,False,excluded,flowdroid-oom+termination-2,excluded,flowdroid-oom+termination-2,1364960,3387216,127899,111964
sqli,55,sqli-b0055-94220cf898,BenchmarkTest00675;BenchmarkTest00676,True,completed,,completed,,852142,411304,127677,111743
sqli,56,sqli-b0056-8fe8e3408c,BenchmarkTest00677;BenchmarkTest00678,True,completed,,completed,,1000025,3448990,128520,112543
sqli,57,sqli-b0057-495a61fdc5,BenchmarkTest00679;BenchmarkTest00680,False,excluded,flowdroid-oom+termination-2,excluded,flowdroid-oom+termination-2,2773240,3756286,128477,112431
sqli,58,sqli-b0058-295c032efc,BenchmarkTest00681;BenchmarkTest00682,True,completed,,completed,,851095,368349,127684,111750
sqli,59,sqli-b0059-fc034b123c,BenchmarkTest00760;BenchmarkTest00761,True,completed,,completed,,809813,358560,127678,111744
sqli,60,sqli-b0060-8c2791ebae,BenchmarkTest00762;BenchmarkTest00763,True,completed,,completed,,892075,398206,127679,111745
sqli,61,sqli-b0061-4c4a33996d,BenchmarkTest00764;BenchmarkTest00765,True,completed,,completed,,874330,389842,128339,112363
sqli,62,sqli-b0062-1f76138bf2,BenchmarkTest00766;BenchmarkTest00767,True,completed,,completed,,883821,400170,128320,112344
sqli,63,sqli-b0063-99f21e3480,BenchmarkTest00768;BenchmarkTest00769,False,excluded,flowdroid-oom+termination-2,excluded,flowdroid-oom+termination-2,2501324,4889138,128518,112472
sqli,64,sqli-b0064-6fd9804542,BenchmarkTest00770;BenchmarkTest00771,False,excluded,flowdroid-oom+termination-2,excluded,flowdroid-oom+termination-2,2795458,4971205,127693,111759
sqli,65,sqli-b0065-0737bdd14b,BenchmarkTest00772;BenchmarkTest00773,True,completed,,completed,,849172,382575,127685,111751
sqli,66,sqli-b0066-aecce63205,BenchmarkTest00774;BenchmarkTest00837,False,excluded,flowdroid-oom+termination-2,excluded,flowdroid-oom+termination-2,1248559,3421902,127718,111771
sqli,67,sqli-b0067-eae752d7e1,BenchmarkTest00838;BenchmarkTest00839,True,completed,,completed,,872248,394005,127709,111762
sqli,68,sqli-b0068-ee4957a965,BenchmarkTest00840;BenchmarkTest00841,True,completed,,completed,,1088751,1788221,128215,112228
sqli,69,sqli-b0069-0ab10aec29,BenchmarkTest00842;BenchmarkTest00843,False,excluded,flowdroid-oom+termination-2,excluded,flowdroid-oom+termination-2,2631126,4728735,128365,112376
sqli,70,sqli-b0070-d6a2aa4620,BenchmarkTest00844;BenchmarkTest00845,True,completed,,completed,,867793,2668482,129055,113109
sqli,71,sqli-b0071-f15d95e092,BenchmarkTest00846;BenchmarkTest00847,True,completed,,completed,,865689,1553471,128225,112238
sqli,72,sqli-b0072-6871718e0c,BenchmarkTest00848;BenchmarkTest00849,True,completed,,completed,,858501,389645,127724,111777
sqli,73,sqli-b0073-1a825884dc,BenchmarkTest00850;BenchmarkTest00851,True,completed,,completed,,860714,376255,127720,111773
sqli,74,sqli-b0074-ec2393cd2c,BenchmarkTest00924;BenchmarkTest00925,True,completed,,completed,,921814,391010,127709,111775
sqli,75,sqli-b0075-439312dc47,BenchmarkTest00926;BenchmarkTest00927,True,completed,,completed,,852183,416349,127689,111755
sqli,76,sqli-b0076-2bed91b636,BenchmarkTest00928;BenchmarkTest00929,True,completed,,completed,,875772,388356,127678,111744
sqli,77,sqli-b0077-147e55ed19,BenchmarkTest00930;BenchmarkTest00931,True,completed,,completed,,856530,377808,128395,112420
sqli,78,sqli-b0078-0fc6147e5d,BenchmarkTest00932;BenchmarkTest00933,True,completed,,completed,,880647,379966,128632,112538
sqli,79,sqli-b0079-dd6e372b02,BenchmarkTest00934;BenchmarkTest00935,True,completed,,completed,,850062,372919,128573,112525
sqli,80,sqli-b0080-48562b3086,BenchmarkTest00936;BenchmarkTest00937,True,completed,,completed,,896490,367835,128185,112211
sqli,81,sqli-b0081-2d90a942f1,BenchmarkTest00938;BenchmarkTest00939,True,completed,,completed,,871023,382335,127873,111938
sqli,82,sqli-b0082-4141546594,BenchmarkTest00940;BenchmarkTest00996,False,excluded,flowdroid-oom+termination-2,excluded,flowdroid-oom+termination-2,1384087,4036065,127911,111963
sqli,83,sqli-b0083-90e047b64a,BenchmarkTest00997;BenchmarkTest00998,True,completed,,completed,,832043,382846,127718,111771
sqli,84,sqli-b0084-f1d2b2b485,BenchmarkTest00999;BenchmarkTest01000,True,completed,,completed,,839532,425292,127901,111953
sqli,85,sqli-b0085-4695b724c4,BenchmarkTest01001;BenchmarkTest01002,True,completed,,completed,,852024,373640,127712,111765
sqli,86,sqli-b0086-60058bbf44,BenchmarkTest01003;BenchmarkTest01004,True,completed,,completed,,859271,362143,127719,111772
sqli,87,sqli-b0087-174a2b66ec,BenchmarkTest01005;BenchmarkTest01006,False,excluded,flowdroid-oom+termination-2,excluded,flowdroid-oom+termination-2,1261505,3496149,128414,112425
sqli,88,sqli-b0088-7f8a336bb8,BenchmarkTest01007;BenchmarkTest01008,True,completed,,completed,,890838,2147064,128804,112844
sqli,89,sqli-b0089-2dc0625e9d,BenchmarkTest01009;BenchmarkTest01010,True,completed,,completed,,1003459,2875595,128761,112872
sqli,90,sqli-b0090-9a041406dc,BenchmarkTest01011;BenchmarkTest01012,True,completed,,completed,,851003,376307,127728,111781
sqli,91,sqli-b0091-95217cbc79,BenchmarkTest01083;BenchmarkTest01084,True,completed,,completed,,834895,368777,127716,111769
sqli,92,sqli-b0092-8d828f2853,BenchmarkTest01085;BenchmarkTest01086,True,completed,,completed,,883609,2550843,128195,112208
sqli,93,sqli-b0093-df9714e55f,BenchmarkTest01087;BenchmarkTest01088,True,completed,,completed,,830980,2459967,128362,112373
sqli,94,sqli-b0094-b9d55024f3,BenchmarkTest01089;BenchmarkTest01090,False,excluded,flowdroid-oom+termination-2,excluded,flowdroid-oom+termination-2,1244821,3429815,128716,112666
sqli,95,sqli-b0095-6b1da49a58,BenchmarkTest01091;BenchmarkTest01092,True,completed,,completed,,843251,382105,127722,111775
sqli,96,sqli-b0096-72928481a5,BenchmarkTest01093;BenchmarkTest01094,False,excluded,flowdroid-oom+termination-2,excluded,flowdroid-oom+termination-2,2591431,4596688,127721,111774
sqli,97,sqli-b0097-cad4fc945e,BenchmarkTest01095;BenchmarkTest01096,True,completed,,completed,,851229,496046,127723,111776
sqli,98,sqli-b0098-939961e573,BenchmarkTest01097;BenchmarkTest01098,True,completed,,completed,,867637,394427,127722,111775
sqli,99,sqli-b0099-ab6c3bd975,BenchmarkTest01208;BenchmarkTest01209,True,completed,,completed,,856849,374559,127728,111781
sqli,100,sqli-b0100-6f54c557f6,BenchmarkTest01210;BenchmarkTest01211,True,completed,,completed,,829473,379478,127721,111774
sqli,101,sqli-b0101-eb61d6aaa4,BenchmarkTest01212;BenchmarkTest01213,True,completed,,completed,,854566,400868,127722,111775
sqli,102,sqli-b0102-29ca661853,BenchmarkTest01214;BenchmarkTest01215,True,completed,,completed,,866412,390837,128414,112425
sqli,103,sqli-b0103-679130ed7d,BenchmarkTest01216;BenchmarkTest01217,True,completed,,completed,,855540,386586,127948,112000
sqli,104,sqli-b0104-2a2b9c4287,BenchmarkTest01218;BenchmarkTest01219,True,completed,,completed,,855836,372217,127732,111785
sqli,105,sqli-b0105-7c38e98688,BenchmarkTest01220;BenchmarkTest01221,True,completed,,completed,,903569,373726,127905,111957
sqli,106,sqli-b0106-d2c4329220,BenchmarkTest01222;BenchmarkTest01301,False,excluded,flowdroid-oom+termination-2,excluded,flowdroid-oom+termination-2,1246394,3772080,127948,112000
sqli,107,sqli-b0107-7bbc85e03e,BenchmarkTest01302;BenchmarkTest01303,True,completed,,completed,,1044133,3472123,127881,111946
sqli,108,sqli-b0108-7bb8398fce,BenchmarkTest01304;BenchmarkTest01305,True,completed,,completed,,920486,375076,127686,111752
sqli,109,sqli-b0109-ddbb6e3f17,BenchmarkTest01306;BenchmarkTest01307,True,completed,,completed,,1057085,3233075,127869,111934
sqli,110,sqli-b0110-e2ceebb3eb,BenchmarkTest01308;BenchmarkTest01309,False,excluded,flowdroid-oom+termination-2,excluded,flowdroid-oom+termination-2,1678771,3385502,128938,112900
sqli,111,sqli-b0111-84e98867f0,BenchmarkTest01310;BenchmarkTest01311,True,completed,,completed,,852110,368897,127686,111752
sqli,112,sqli-b0112-70b2c427c6,BenchmarkTest01312;BenchmarkTest01313,True,completed,,completed,,899176,392086,127693,111759
sqli,113,sqli-b0113-82711a9eea,BenchmarkTest01314;BenchmarkTest01315,True,completed,,completed,,834233,379477,127680,111746
sqli,114,sqli-b0114-d040e90743,BenchmarkTest01378;BenchmarkTest01379,True,completed,,completed,,825135,369808,127908,111973
sqli,115,sqli-b0115-8accd206ac,BenchmarkTest01380;BenchmarkTest01381,True,completed,,completed,,860035,375738,127686,111752
sqli,116,sqli-b0116-3a927d7684,BenchmarkTest01382;BenchmarkTest01383,True,completed,,completed,,917945,395574,127700,111766
sqli,117,sqli-b0117-8e36a81f8a,BenchmarkTest01384;BenchmarkTest01385,True,completed,,completed,,883068,362081,127681,111747
sqli,118,sqli-b0118-24d18e0757,BenchmarkTest01386;BenchmarkTest01387,True,completed,,completed,,855742,366471,128331,112355
sqli,119,sqli-b0119-f1bc9d0ae4,BenchmarkTest01388;BenchmarkTest01389,True,completed,,completed,,852414,370804,128745,112649
sqli,120,sqli-b0120-8b171f4540,BenchmarkTest01390;BenchmarkTest01391,True,completed,,completed,,999519,483427,128349,112373
sqli,121,sqli-b0121-fd030792b2,BenchmarkTest01392;BenchmarkTest01393,True,completed,,completed,,889311,365877,127908,111973
sqli,122,sqli-b0122-bec78088a8,BenchmarkTest01394;BenchmarkTest01395,True,completed,,completed,,832017,369169,127681,111747
sqli,123,sqli-b0123-9e2f725c4b,BenchmarkTest01396;BenchmarkTest01459,True,completed,,completed,,852966,375106,127712,111778
sqli,124,sqli-b0124-949c6b4e00,BenchmarkTest01460;BenchmarkTest01461,True,completed,,completed,,879910,447221,127691,111757
sqli,125,sqli-b0125-afa221a3d9,BenchmarkTest01462;BenchmarkTest01463,True,completed,,completed,,799217,358516,127680,111746
sqli,126,sqli-b0126-ed5d179130,BenchmarkTest01464;BenchmarkTest01465,True,completed,,completed,,851543,355234,128161,112187
sqli,127,sqli-b0127-1c225ea3a4,BenchmarkTest01466;BenchmarkTest01467,True,completed,,completed,,849804,378126,128626,112532
sqli,128,sqli-b0128-3c967b6096,BenchmarkTest01468;BenchmarkTest01469,True,completed,,completed,,925397,376439,129026,112870
sqli,129,sqli-b0129-eb3acb9f1a,BenchmarkTest01470;BenchmarkTest01471,True,completed,,completed,,863765,378103,128507,112461
sqli,130,sqli-b0130-1e484b55bc,BenchmarkTest01472;BenchmarkTest01473,True,completed,,completed,,1020890,376168,127912,111977
sqli,131,sqli-b0131-8b92ce5129,BenchmarkTest01474;BenchmarkTest01475,True,completed,,completed,,829001,374004,127889,111954
sqli,132,sqli-b0132-33bfcd08d9,BenchmarkTest01476;BenchmarkTest01477,True,completed,,completed,,1095203,403605,127701,111767
sqli,133,sqli-b0133-5ad2a0ecfe,BenchmarkTest01552;BenchmarkTest01553,False,excluded,flowdroid-oom+termination-2,excluded,flowdroid-oom+termination-2,2000601,4529986,128165,112191
sqli,134,sqli-b0134-8e7731deca,BenchmarkTest01554;BenchmarkTest01555,True,completed,,completed,,844796,390707,128761,112665
sqli,135,sqli-b0135-b17a3119a2,BenchmarkTest01556;BenchmarkTest01557,False,excluded,flowdroid-oom+termination-2,excluded,flowdroid-oom+termination-2,2796083,5412957,128335,112359
sqli,136,sqli-b0136-a5f513bd2a,BenchmarkTest01558;BenchmarkTest01559,False,excluded,flowdroid-oom+termination-2,excluded,flowdroid-oom+termination-2,2613589,4577105,127691,111757
sqli,137,sqli-b0137-d433aaadf3,BenchmarkTest01560;BenchmarkTest01620,True,completed,,completed,,893991,396974,127690,111756
sqli,138,sqli-b0138-5cce60bf6b,BenchmarkTest01621;BenchmarkTest01622,True,completed,,completed,,846867,381878,127686,111752
sqli,139,sqli-b0139-c81116d777,BenchmarkTest01623;BenchmarkTest01624,True,completed,,completed,,912673,382084,128193,112219
sqli,140,sqli-b0140-475c3272e5,BenchmarkTest01625;BenchmarkTest01626,True,completed,,completed,,894747,404257,128349,112373
sqli,141,sqli-b0141-1d370c4ed1,BenchmarkTest01627;BenchmarkTest01628,True,completed,,completed,,835118,378203,127681,111747
sqli,142,sqli-b0142-3943a822b7,BenchmarkTest01629;BenchmarkTest01630,True,completed,,completed,,1056429,2962175,127869,111934
sqli,143,sqli-b0143-f09a66d4e0,BenchmarkTest01631;BenchmarkTest01712,False,excluded,flowdroid-oom+termination-2,excluded,flowdroid-oom+termination-2,1182867,3169053,127724,111777
sqli,144,sqli-b0144-df1131b5b1,BenchmarkTest01713;BenchmarkTest01714,True,completed,,completed,,854003,373310,127722,111775
sqli,145,sqli-b0145-93364c3623,BenchmarkTest01715;BenchmarkTest01716,True,completed,,completed,,854200,369192,127736,111789
sqli,146,sqli-b0146-46e394a22e,BenchmarkTest01717;BenchmarkTest01718,True,completed,,completed,,835988,374603,127722,111775
sqli,147,sqli-b0147-4233c37785,BenchmarkTest01719;BenchmarkTest01720,True,completed,,completed,,857355,1605833,128196,112209
sqli,148,sqli-b0148-a786fb526f,BenchmarkTest01721;BenchmarkTest01722,False,excluded,flowdroid-oom+termination-2,excluded,flowdroid-oom+termination-2,1654527,5627967,128261,112274
sqli,149,sqli-b0149-3072d43c3e,BenchmarkTest01723;BenchmarkTest01724,True,completed,,completed,,882713,1623219,128779,112670
sqli,150,sqli-b0150-7aeb3766aa,BenchmarkTest01725;BenchmarkTest01726,True,completed,,completed,,888096,1601980,129078,113132
sqli,151,sqli-b0151-e23f017734,BenchmarkTest01727;BenchmarkTest01728,True,completed,,completed,,907273,2639250,128227,112240
sqli,152,sqli-b0152-a4310f8221,BenchmarkTest01729;BenchmarkTest01730,True,completed,,completed,,867639,376577,127733,111786
sqli,153,sqli-b0153-96ae4f655d,BenchmarkTest01731;BenchmarkTest01732,True,completed,,completed,,859376,361205,127723,111776
sqli,154,sqli-b0154-07981c332e,BenchmarkTest01733;BenchmarkTest01803,True,completed,,completed,,843179,378187,127743,111796
sqli,155,sqli-b0155-a0d1baee2e,BenchmarkTest01804;BenchmarkTest01805,True,completed,,completed,,842918,392495,127697,111763
sqli,156,sqli-b0156-54c92bdc0f,BenchmarkTest01806;BenchmarkTest01807,True,completed,,completed,,877034,373748,128193,112219
sqli,157,sqli-b0157-daeda91ad7,BenchmarkTest01808;BenchmarkTest01809,True,completed,,completed,,1321028,379234,128971,112874
sqli,158,sqli-b0158-db4c1e3868,BenchmarkTest01810;BenchmarkTest01811,True,completed,,completed,,979453,382805,128471,112421
sqli,159,sqli-b0159-7d663178ec,BenchmarkTest01812;BenchmarkTest01813,True,completed,,completed,,890080,408558,128868,112770
sqli,160,sqli-b0160-858a32ac47,BenchmarkTest01814;BenchmarkTest01815,True,completed,,completed,,857962,400884,128500,112625
sqli,161,sqli-b0161-2f5ecaaa0c,BenchmarkTest01816;BenchmarkTest01817,True,completed,,completed,,857651,365510,127689,111755
sqli,162,sqli-b0162-1c120a1872,BenchmarkTest01818;BenchmarkTest01819,True,completed,,completed,,852964,400477,127696,111762
sqli,163,sqli-b0163-8a20125846,BenchmarkTest01820;BenchmarkTest01877,True,completed,,completed,,855481,390329,127724,111777
sqli,164,sqli-b0164-e4e4c81c47,BenchmarkTest01878;BenchmarkTest01879,True,completed,,completed,,859285,390845,127712,111765
sqli,165,sqli-b0165-ca59890649,BenchmarkTest01880;BenchmarkTest01881,False,excluded,flowdroid-oom+termination-2,excluded,flowdroid-oom+termination-2,1333284,3512221,128224,112237
sqli,166,sqli-b0166-96d1adf0cc,BenchmarkTest01882;BenchmarkTest01883,False,excluded,flowdroid-oom+termination-2,excluded,flowdroid-oom+termination-2,2677769,4198983,128537,112649
sqli,167,sqli-b0167-443aa766cb,BenchmarkTest01884;BenchmarkTest01885,True,completed,,completed,,909339,2773887,128219,112232
sqli,168,sqli-b0168-5e2c582b03,BenchmarkTest01886;BenchmarkTest01887,False,excluded,flowdroid-oom+termination-2,excluded,flowdroid-oom+termination-2,1295051,4032289,127934,111986
sqli,169,sqli-b0169-4d5a133d2e,BenchmarkTest01888;BenchmarkTest01889,True,completed,,completed,,876336,416557,127706,111759
sqli,170,sqli-b0170-4628fadc3b,BenchmarkTest01890;BenchmarkTest01891,True,completed,,completed,,850973,382820,127706,111759
sqli,171,sqli-b0171-c5ef6c4797,BenchmarkTest01961;BenchmarkTest01962,False,excluded,flowdroid-oom+termination-2,excluded,flowdroid-oom+termination-2,1482292,3729296,127936,111988
sqli,172,sqli-b0172-f4b3e53e09,BenchmarkTest01963;BenchmarkTest01964,True,completed,,completed,,878102,2474371,128269,112282
sqli,173,sqli-b0173-01883c2aab,BenchmarkTest01965;BenchmarkTest01966,True,completed,,completed,,868806,2528300,128746,112696
sqli,174,sqli-b0174-a1a9eeda56,BenchmarkTest01967;BenchmarkTest01968,True,completed,,completed,,873295,2485799,128766,112716
sqli,175,sqli-b0175-bedfd86052,BenchmarkTest01969;BenchmarkTest01970,True,completed,,completed,,891668,378208,127715,111768
sqli,176,sqli-b0176-22a1ee0176,BenchmarkTest01971;BenchmarkTest01972,True,completed,,completed,,867122,365403,127711,111764
sqli,177,sqli-b0177-841cc9b2e1,BenchmarkTest01973;BenchmarkTest02087,True,completed,,completed,,840271,379439,127737,111790
sqli,178,sqli-b0178-70ffc94ace,BenchmarkTest02088;BenchmarkTest02089,True,completed,,completed,,842763,372125,127730,111783
sqli,179,sqli-b0179-8faf71a91d,BenchmarkTest02090;BenchmarkTest02091,True,completed,,completed,,853422,382004,128236,112249
sqli,180,sqli-b0180-bcf27daf43,BenchmarkTest02092;BenchmarkTest02093,True,completed,,completed,,756630,400608,127717,111770
sqli,181,sqli-b0181-e106b558e6,BenchmarkTest02094;BenchmarkTest02095,True,completed,,completed,,872893,374878,127716,111769
sqli,182,sqli-b0182-7005f9e9d7,BenchmarkTest02096;BenchmarkTest02097,True,completed,,completed,,853815,383029,127911,111963
sqli,183,sqli-b0183-77cb154c87,BenchmarkTest02098;BenchmarkTest02099,True,completed,,completed,,866870,385399,127906,111958
sqli,184,sqli-b0184-eb006b0830,BenchmarkTest02169;BenchmarkTest02170,True,completed,,completed,,888718,375076,127863,111928
sqli,185,sqli-b0185-b7c42bc5cf,BenchmarkTest02171;BenchmarkTest02172,True,completed,,completed,,867927,379310,127863,111928
sqli,186,sqli-b0186-6d76e39d86,BenchmarkTest02173;BenchmarkTest02174,True,completed,,completed,,831696,374978,128182,112208
sqli,187,sqli-b0187-2d4472eba1,BenchmarkTest02175;BenchmarkTest02176,True,completed,,completed,,839499,366670,128153,112179
sqli,188,sqli-b0188-f8adb99f0f,BenchmarkTest02177;BenchmarkTest02178,False,excluded,flowdroid-oom+termination-2,excluded,flowdroid-oom+termination-2,2481909,4758955,128614,112520
sqli,189,sqli-b0189-4c4527b161,BenchmarkTest02179;BenchmarkTest02180,False,excluded,flowdroid-oom+termination-2,excluded,flowdroid-oom+termination-2,2662239,4090870,128347,112371
sqli,190,sqli-b0190-8655ad0e3e,BenchmarkTest02181;BenchmarkTest02182,False,excluded,flowdroid-oom+termination-2,completed,,1270886,3566096,128643,112592
sqli,191,sqli-b0191-eee3559dea,BenchmarkTest02183;BenchmarkTest02184,False,excluded,flowdroid-oom+termination-2,excluded,flowdroid-timeout+termination-1,1265658,4008596,129243,113309
sqli,192,sqli-b0192-bdad22bf6e,BenchmarkTest02185;BenchmarkTest02186,True,completed,,completed,,870169,385470,127710,111776
sqli,193,sqli-b0193-ef90502407,BenchmarkTest02187;BenchmarkTest02188,False,excluded,flowdroid-oom+termination-2,excluded,flowdroid-oom+termination-2,1370795,3383007,127903,111968
sqli,194,sqli-b0194-1cc6130493,BenchmarkTest02264;BenchmarkTest02265,True,completed,,completed,,851618,378078,127686,111752
sqli,195,sqli-b0195-180080cfbd,BenchmarkTest02266;BenchmarkTest02267,True,completed,,completed,,857141,364284,127687,111753
sqli,196,sqli-b0196-248112b7f7,BenchmarkTest02268;BenchmarkTest02269,True,completed,,completed,,836081,371059,127680,111746
sqli,197,sqli-b0197-5be8464157,BenchmarkTest02270;BenchmarkTest02271,True,completed,,completed,,844360,388455,127675,111741
sqli,198,sqli-b0198-d69755c85b,BenchmarkTest02272;BenchmarkTest02273,True,completed,,completed,,829733,382580,128181,112207
sqli,199,sqli-b0199-92e8d79482,BenchmarkTest02274;BenchmarkTest02275,True,completed,,completed,,880973,389933,128328,112352
sqli,200,sqli-b0200-cf55862c0a,BenchmarkTest02276;BenchmarkTest02277,True,completed,,completed,,846401,391211,128926,112829
sqli,201,sqli-b0201-49e5e0d4dd,BenchmarkTest02278;BenchmarkTest02279,True,completed,,completed,,832594,368719,128327,112351
sqli,202,sqli-b0202-38c7871df6,BenchmarkTest02280;BenchmarkTest02281,True,completed,,completed,,852949,376501,128569,112521
sqli,203,sqli-b0203-55a6161c71,BenchmarkTest02282;BenchmarkTest02283,True,completed,,completed,,743010,382682,128187,112213
sqli,204,sqli-b0204-60a77ce623,BenchmarkTest02284;BenchmarkTest02285,True,completed,,completed,,864897,378427,127674,111740
sqli,205,sqli-b0205-3dbf21f529,BenchmarkTest02286;BenchmarkTest02287,True,completed,,completed,,843000,369970,127863,111928
sqli,206,sqli-b0206-1c0abcbe16,BenchmarkTest02288;BenchmarkTest02353,True,completed,,completed,,833845,367272,127680,111746
sqli,207,sqli-b0207-a27c8a34f3,BenchmarkTest02354;BenchmarkTest02355,True,completed,,completed,,854338,392791,127680,111746
sqli,208,sqli-b0208-52d8c93d22,BenchmarkTest02356;BenchmarkTest02357,True,completed,,completed,,833811,367535,128205,112231
sqli,209,sqli-b0209-7146b07a32,BenchmarkTest02358;BenchmarkTest02359,True,completed,,completed,,827931,382771,128739,112643
sqli,210,sqli-b0210-513178a12f,BenchmarkTest02360;BenchmarkTest02361,True,completed,,completed,,834430,363436,128711,112674
sqli,211,sqli-b0211-dc0d41e280,BenchmarkTest02362;BenchmarkTest02363,True,completed,,completed,,874359,384456,128750,112874
sqli,212,sqli-b0212-2347a549db,BenchmarkTest02364;BenchmarkTest02365,True,completed,,completed,,888700,467057,127680,111746
sqli,213,sqli-b0213-23b674d009,BenchmarkTest02366;BenchmarkTest02367,True,completed,,completed,,855695,376795,127896,111961
sqli,214,sqli-b0214-8d8a88bc66,BenchmarkTest02368;BenchmarkTest02369,True,completed,,completed,,823255,398519,127674,111740
sqli,215,sqli-b0215-d8780bc251,BenchmarkTest02449;BenchmarkTest02450,True,completed,,completed,,872024,369611,127686,111752
sqli,216,sqli-b0216-3d002f63b1,BenchmarkTest02451;BenchmarkTest02452,False,excluded,flowdroid-oom+termination-2,excluded,flowdroid-oom+termination-2,1289451,3528449,128844,112749
sqli,217,sqli-b0217-e764e43adf,BenchmarkTest02453;BenchmarkTest02454,False,excluded,flowdroid-oom+termination-2,completed,,1538273,3117754,128646,112599
sqli,218,sqli-b0218-27e07a09af,BenchmarkTest02455;BenchmarkTest02456,True,completed,,completed,,835363,375423,127679,111745
sqli,219,sqli-b0219-7fc55d1924,BenchmarkTest02528;BenchmarkTest02529,True,completed,,completed,,847468,368635,127686,111752
sqli,220,sqli-b0220-e897f1c5fa,BenchmarkTest02530;BenchmarkTest02531,True,completed,,completed,,1002151,491204,127680,111746
sqli,221,sqli-b0221-4ee8d39ce7,BenchmarkTest02532;BenchmarkTest02533,True,completed,,completed,,861857,387231,127869,111934
sqli,222,sqli-b0222-5c947ae342,BenchmarkTest02534;BenchmarkTest02535,True,completed,,completed,,835361,382758,127863,111928
sqli,223,sqli-b0223-a8e28b0c91,BenchmarkTest02536;BenchmarkTest02537,True,completed,,completed,,872098,377196,128181,112207
sqli,224,sqli-b0224-887dc3a4fc,BenchmarkTest02538;BenchmarkTest02539,False,excluded,flowdroid-oom+termination-2,excluded,flowdroid-oom+termination-2,1421062,3483072,129257,113323
sqli,225,sqli-b0225-f263d41034,BenchmarkTest02540;BenchmarkTest02541,True,completed,,completed,,845840,374392,128185,112211
sqli,226,sqli-b0226-b8eedd0457,BenchmarkTest02542;BenchmarkTest02543,True,completed,,completed,,816984,376370,127694,111760
sqli,227,sqli-b0227-218056c5bd,BenchmarkTest02544;BenchmarkTest02545,True,completed,,completed,,848127,365575,127681,111747
sqli,228,sqli-b0228-8c208a021b,BenchmarkTest02546;BenchmarkTest02625,False,excluded,flowdroid-oom+termination-2,excluded,flowdroid-oom+termination-2,1276687,3318733,127719,111772
sqli,229,sqli-b0229-e2aa02511c,BenchmarkTest02626;BenchmarkTest02627,True,completed,,completed,,860500,392067,127899,111951
sqli,230,sqli-b0230-0edb95d051,BenchmarkTest02628;BenchmarkTest02629,True,completed,,completed,,840441,377811,127721,111774
sqli,231,sqli-b0231-875e0c4324,BenchmarkTest02630;BenchmarkTest02631,True,completed,,completed,,823476,367285,127716,111769
sqli,232,sqli-b0232-851b01f7a8,BenchmarkTest02632;BenchmarkTest02633,False,excluded,flowdroid-oom+termination-2,excluded,flowdroid-oom+termination-2,1337053,3523553,127933,111985
sqli,233,sqli-b0233-0a819847b7,BenchmarkTest02634;BenchmarkTest02635,True,completed,,completed,,880276,371870,127717,111770
sqli,234,sqli-b0234-14f51e8f1b,BenchmarkTest02636;BenchmarkTest02637,True,completed,,completed,,866454,362764,127716,111769
sqli,235,sqli-b0235-e978db3ee4,BenchmarkTest02638;BenchmarkTest02639,False,excluded,flowdroid-oom+termination-2,excluded,flowdroid-oom+termination-2,1330699,3535937,128455,112467
sqli,236,sqli-b0236-0baeed4c07,BenchmarkTest02640;BenchmarkTest02641,True,completed,,completed,,831547,1486588,128236,112249
sqli,237,sqli-b0237-48aac56e5b,BenchmarkTest02642;BenchmarkTest02643,True,completed,,completed,,868915,2277059,128855,112687
sqli,238,sqli-b0238-20edb92e59,BenchmarkTest02644;BenchmarkTest02645,True,completed,,completed,,872409,1561839,128520,112632
sqli,239,sqli-b0239-6e697539e9,BenchmarkTest02646;BenchmarkTest02647,False,excluded,flowdroid-oom+termination-2,excluded,flowdroid-oom+termination-2,1255532,3629311,128430,112442
sqli,240,sqli-b0240-c2b3abc85b,BenchmarkTest02648;BenchmarkTest02649,False,excluded,flowdroid-oom+termination-2,excluded,flowdroid-oom+termination-2,1735176,5102440,127716,111769
sqli,241,sqli-b0241-6b4cf3fa49,BenchmarkTest02650;BenchmarkTest02651,True,completed,,completed,,861339,367477,127717,111770
sqli,242,sqli-b0242-dbc32e2989,BenchmarkTest02652;BenchmarkTest02653,False,excluded,flowdroid-oom+termination-2,excluded,flowdroid-oom+termination-2,1528105,3737519,127938,111990
sqli,243,sqli-b0243-5b71f4c60a,BenchmarkTest02654;BenchmarkTest02655,True,completed,,completed,,894914,377277,127716,111769
sqli,244,sqli-b0244-57a921e9f5,BenchmarkTest02656;BenchmarkTest02657,True,completed,,completed,,857137,369290,127710,111763
sqli,245,sqli-b0245-d42a58088b,BenchmarkTest02727;BenchmarkTest02728,True,completed,,completed,,859732,361819,127685,111751
sqli,246,sqli-b0246-2c99b33804,BenchmarkTest02729;BenchmarkTest02730,True,completed,,completed,,820480,385967,127906,111971
sqli,247,sqli-b0247-b358e8b2d7,BenchmarkTest02731;BenchmarkTest02732,True,completed,,completed,,866762,384934,128237,112263
sqli,248,sqli-b0248-dc465692cc,BenchmarkTest02733;BenchmarkTest02734,True,completed,,completed,,899311,404172,128755,112659
sqli,249,sqli-b0249-786174bd76,BenchmarkTest02735;BenchmarkTest02736,True,completed,,completed,,861378,410282,128594,112546
sqli,250,sqli-b0250-4644586757,BenchmarkTest02737;BenchmarkTest02738,True,completed,,completed,,856251,396897,128490,112615
sqli,251,sqli-b0251-a15e94d8a7,BenchmarkTest02739;BenchmarkTest02740,True,completed,,completed,,893855,429623,127691,111757
trustbound,0,trustbound-b0000-64ea49b0e9,BenchmarkTest00004;BenchmarkTest00031,True,completed,,completed,,43487,84374,37450,33680
trustbound,1,trustbound-b0001-f146bb7de6,BenchmarkTest00097;BenchmarkTest00098,True,completed,,completed,,46878,82903,37530,33758
trustbound,2,trustbound-b0002-d3623efad6,BenchmarkTest00099;BenchmarkTest00189,False,excluded,flowdroid-oom+termination-2,excluded,flowdroid-oom+termination-2,548232,645482,37704,33933
trustbound,3,trustbound-b0003-79ccbcff6b,BenchmarkTest00250;BenchmarkTest00251,True,completed,,completed,,60224,108234,37423,34020
trustbound,4,trustbound-b0004-2abaaaf419,BenchmarkTest00252;BenchmarkTest00253,True,completed,,completed,,37431,78754,37428,34025
trustbound,5,trustbound-b0005-e6fbb23f1c,BenchmarkTest00321;BenchmarkTest00322,True,completed,,completed,,45558,76772,37462,33692
trustbound,6,trustbound-b0006-ca39b7027b,BenchmarkTest00323;BenchmarkTest00324,True,completed,,completed,,44132,89468,37539,33740
trustbound,7,trustbound-b0007-8d70c47964,BenchmarkTest00325;BenchmarkTest00326,True,completed,,completed,,45084,85351,37534,33762
trustbound,8,trustbound-b0008-a4aeeb63d9,BenchmarkTest00327;BenchmarkTest00424,False,excluded,flowdroid-oom+termination-2,completed,,828192,262246,37676,33905
trustbound,9,trustbound-b0009-85bb81c99d,BenchmarkTest00425;BenchmarkTest00426,True,completed,,completed,,47334,78675,37422,33665
trustbound,10,trustbound-b0010-b82f72b027,BenchmarkTest00427;BenchmarkTest00508,False,excluded,flowdroid-oom+termination-2,excluded,flowdroid-oom+termination-2,425810,6344110,37665,33907
trustbound,11,trustbound-b0011-c7aefccce6,BenchmarkTest00586;BenchmarkTest00587,True,completed,,completed,,60299,118788,37430,33673
trustbound,12,trustbound-b0012-a154512770,BenchmarkTest00588;BenchmarkTest00668,True,completed,,completed,,42889,75787,37426,33669
trustbound,13,trustbound-b0013-feea87dd4b,BenchmarkTest00669;BenchmarkTest00670,True,completed,,completed,,46701,79215,37439,33682
trustbound,14,trustbound-b0014-bd999c08cd,BenchmarkTest00671;BenchmarkTest00754,False,excluded,flowdroid-oom+termination-2,excluded,flowdroid-oom+termination-2,4903881,6957529,37427,33670
trustbound,15,trustbound-b0015-35a0a8e470,BenchmarkTest00755;BenchmarkTest00756,True,completed,,completed,,50565,88126,37498,33739
trustbound,16,trustbound-b0016-b21f46ea6b,BenchmarkTest00757;BenchmarkTest00758,True,completed,,completed,,74785,123365,37426,33669
trustbound,17,trustbound-b0017-c40026fe07,BenchmarkTest00759;BenchmarkTest00833,True,completed,,completed,,46274,85942,37455,33685
trustbound,18,trustbound-b0018-8a1b52dc84,BenchmarkTest00834;BenchmarkTest00835,False,excluded,flowdroid-oom+termination-2,completed,,808897,191089,37663,33892
trustbound,19,trustbound-b0019-10242efb5e,BenchmarkTest00836;BenchmarkTest00922,False,excluded,flowdroid-oom+termination-2,excluded,flowdroid-oom+termination-2,661761,632699,37457,33687
trustbound,20,trustbound-b0020-de6f80f45f,BenchmarkTest00923;BenchmarkTest00991,True,completed,,completed,,46363,77754,37542,33743
trustbound,21,trustbound-b0021-db5feebdff,BenchmarkTest00992;BenchmarkTest00993,True,completed,,completed,,46933,82012,37466,33696
trustbound,22,trustbound-b0022-2617d7c6fa,BenchmarkTest00994;BenchmarkTest00995,False,excluded,flowdroid-oom+termination-2,excluded,flowdroid-oom+termination-2,406736,559177,37544,33745
trustbound,23,trustbound-b0023-53b9c44016,BenchmarkTest01080;BenchmarkTest01081,True,completed,,completed,,45317,78041,37472,33702
trustbound,24,trustbound-b0024-ce9ee9899e,BenchmarkTest01082;BenchmarkTest01142,True,completed,,completed,,57514,115444,37466,34050
trustbound,25,trustbound-b0025-08fbd0023e,BenchmarkTest01143;BenchmarkTest01144,True,completed,,completed,,43779,83225,37438,34035
trustbound,26,trustbound-b0026-fdc76a195e,BenchmarkTest01145;BenchmarkTest01146,True,completed,,completed,,45734,93870,37430,34027
trustbound,27,trustbound-b0027-2e0408f612,BenchmarkTest01203;BenchmarkTest01204,True,completed,,completed,,45602,93166,37711,33940
trustbound,28,trustbound-b0028-6f3a029db0,BenchmarkTest01205;BenchmarkTest01206,True,completed,,completed,,41729,72389,37478,33708
trustbound,29,trustbound-b0029-7b57e146e3,BenchmarkTest01207;BenchmarkTest01299,True,completed,,completed,,45892,82871,37488,33718
trustbound,30,trustbound-b0030-a144318e23,BenchmarkTest01300;BenchmarkTest01374,True,completed,,completed,,39224,78242,37635,33877
trustbound,31,trustbound-b0031-8fd9a2d8a7,BenchmarkTest01375;BenchmarkTest01376,True,completed,,completed,,39840,75293,37670,33912
trustbound,32,trustbound-b0032-8b18188a39,BenchmarkTest01377;BenchmarkTest01454,True,completed,,completed,,64601,102919,37433,33676
trustbound,33,trustbound-b0033-161e2090b8,BenchmarkTest01455;BenchmarkTest01456,True,completed,,completed,,53551,82147,37430,33673
trustbound,34,trustbound-b0034-b2d61f72de,BenchmarkTest01457;BenchmarkTest01458,True,completed,,completed,,44551,89985,37671,33913
trustbound,35,trustbound-b0035-f7076f4e22,BenchmarkTest01546;BenchmarkTest01547,False,excluded,flowdroid-oom+termination-2,excluded,flowdroid-oom+termination-2,452024,574907,37512,33753
trustbound,36,trustbound-b0036-7b8c1fb208,BenchmarkTest01548;BenchmarkTest01549,True,completed,,completed,,44797,77717,37439,33682
trustbound,37,trustbound-b0037-6823445c84,BenchmarkTest01550;BenchmarkTest01551,False,excluded,flowdroid-oom+termination-2,excluded,flowdroid-oom+termination-2,415513,628007,37678,33920
trustbound,38,trustbound-b0038-2f30774489,BenchmarkTest01615;BenchmarkTest01616,False,excluded,flowdroid-oom+termination-2,excluded,flowdroid-oom+termination-2,567223,801437,37677,33919
trustbound,39,trustbound-b0039-6ec293c874,BenchmarkTest01617;BenchmarkTest01618,True,completed,,completed,,44453,84244,37450,33693
trustbound,40,trustbound-b0040-3a146895bf,BenchmarkTest01619;BenchmarkTest01708,True,completed,,completed,,56890,122425,37542,33770
trustbound,41,trustbound-b0041-8c321fa0f5,BenchmarkTest01709;BenchmarkTest01710,False,excluded,flowdroid-oom+termination-2,excluded,flowdroid-oom+termination-2,463536,647860,37706,33935
trustbound,42,trustbound-b0042-4979bb7a1b,BenchmarkTest01711;BenchmarkTest01802,True,completed,,completed,,47206,81432,37463,33693
trustbound,43,trustbound-b0043-da107816a4,BenchmarkTest01872;BenchmarkTest01873,True,completed,,completed,,41410,79692,37479,33709
trustbound,44,trustbound-b0044-5766922ab7,BenchmarkTest01874;BenchmarkTest01875,False,excluded,flowdroid-oom+termination-2,completed,,534590,195402,37656,33885
trustbound,45,trustbound-b0045-7543b5f065,BenchmarkTest01876;BenchmarkTest01955,False,excluded,flowdroid-oom+termination-2,excluded,flowdroid-oom+termination-2,518556,860714,37662,33891
trustbound,46,trustbound-b0046-0d1759afaf,BenchmarkTest01956;BenchmarkTest01957,True,completed,,completed,,45277,86290,37458,33688
trustbound,47,trustbound-b0047-60fe418b2e,BenchmarkTest01958;BenchmarkTest01959,False,excluded,flowdroid-oom+termination-2,excluded,flowdroid-oom+termination-2,3848551,634837,37478,33708
trustbound,48,trustbound-b0048-0c6085772a,BenchmarkTest01960;BenchmarkTest02015,True,completed,,completed,,61223,82066,37662,34245
trustbound,49,trustbound-b0049-e1c197177c,BenchmarkTest02016;BenchmarkTest02084,True,completed,,completed,,47268,88633,37480,34064
trustbound,50,trustbound-b0050-a9699375be,BenchmarkTest02085;BenchmarkTest02086,True,completed,,completed,,48546,83546,37464,33694
trustbound,51,trustbound-b0051-aeb0123b97,BenchmarkTest02165;BenchmarkTest02166,True,completed,,completed,,43938,83899,37423,33666
trustbound,52,trustbound-b0052-9791853d2b,BenchmarkTest02167;BenchmarkTest02168,True,completed,,completed,,43156,76997,37447,33690
trustbound,53,trustbound-b0053-7dc0ab8aef,BenchmarkTest02261;BenchmarkTest02262,True,completed,,completed,,49915,94818,37506,33720
trustbound,54,trustbound-b0054-295c818552,BenchmarkTest02263;BenchmarkTest02352,True,completed,,completed,,45465,89341,37441,33684
trustbound,55,trustbound-b0055-be43b726bc,BenchmarkTest02446;BenchmarkTest02447,True,completed,,completed,,44118,80479,37426,33669
trustbound,56,trustbound-b0056-b5624dc242,BenchmarkTest02448;BenchmarkTest02523,True,completed,,completed,,48511,89964,37426,33669
trustbound,57,trustbound-b0057-4ef7adb5c8,BenchmarkTest02524;BenchmarkTest02525,True,completed,,completed,,43326,90447,37447,33690
trustbound,58,trustbound-b0058-cd2105eed4,BenchmarkTest02526;BenchmarkTest02527,True,completed,,completed,,48491,85316,37506,33720
trustbound,59,trustbound-b0059-a82650afaa,BenchmarkTest02622;BenchmarkTest02623,True,completed,,completed,,46153,81864,37460,33690
trustbound,60,trustbound-b0060-d235897c41,BenchmarkTest02624;BenchmarkTest02722,False,excluded,flowdroid-oom+termination-2,excluded,flowdroid-oom+termination-2,4085166,694333,37463,33693
trustbound,61,trustbound-b0061-2596dc6c28,BenchmarkTest02723;BenchmarkTest02724,True,completed,,completed,,51630,87075,37430,33673
trustbound,62,trustbound-b0062-0aa4f462a6,BenchmarkTest02725;BenchmarkTest02726,True,completed,,completed,,40252,83464,37429,33672
xpathi,0,xpathi-b0000-25f415d226,BenchmarkTest00116;BenchmarkTest00117,True,completed,,completed,,46397,82925,37781,34176
xpathi,1,xpathi-b0001-4390673345,BenchmarkTest00118;BenchmarkTest00207,False,excluded,flowdroid-oom+termination-2,excluded,flowdroid-oom+termination-2,926084,852743,37966,34360
xpathi,2,xpathi-b0002-84c2e9ae80,BenchmarkTest00442;BenchmarkTest00520,True,completed,,completed,,44661,84366,37728,34136
xpathi,3,xpathi-b0003-b8cfdc870f,BenchmarkTest00607;BenchmarkTest00683,True,completed,,completed,,39923,80968,37767,34175
xpathi,4,xpathi-b0004-31f76d2f12,BenchmarkTest00852;BenchmarkTest00941,False,excluded,flowdroid-oom+termination-2,excluded,flowdroid-oom+termination-2,4980204,4047712,37988,34382
xpathi,5,xpathi-b0005-980fcfb23f,BenchmarkTest01013;BenchmarkTest01014,True,completed,,completed,,47160,86871,37785,34180
xpathi,6,xpathi-b0006-ce94b317b8,BenchmarkTest01223;BenchmarkTest01224,True,completed,,completed,,46428,90568,37795,34190
xpathi,7,xpathi-b0007-f117013a59,BenchmarkTest01225;BenchmarkTest01316,True,completed,,completed,,45392,79234,37771,34166
xpathi,8,xpathi-b0008-cfcd3eb5da,BenchmarkTest01397;BenchmarkTest01478,True,completed,,completed,,49585,88133,37752,34160
xpathi,9,xpathi-b0009-647e9e126e,BenchmarkTest01479;BenchmarkTest01561,True,completed,,completed,,46520,84334,37754,34162
xpathi,10,xpathi-b0010-6dd741318a,BenchmarkTest01562;BenchmarkTest01632,True,completed,,completed,,47690,89938,37756,34164
xpathi,11,xpathi-b0011-3437c8b510,BenchmarkTest01633;BenchmarkTest01734,False,excluded,flowdroid-oom+termination-2,excluded,flowdroid-oom+termination-2,469343,673203,38028,34422
xpathi,12,xpathi-b0012-66a9993c48,BenchmarkTest01735;BenchmarkTest01736,True,completed,,completed,,42787,77390,37794,34189
xpathi,13,xpathi-b0013-41a2fe7823,BenchmarkTest01821;BenchmarkTest01892,False,excluded,flowdroid-oom+termination-2,excluded,flowdroid-oom+termination-2,491283,647888,37788,34183
xpathi,14,xpathi-b0014-316589b125,BenchmarkTest01893;BenchmarkTest01894,True,completed,,completed,,43461,94700,37778,34173
xpathi,15,xpathi-b0015-e8cd35c488,BenchmarkTest01974;BenchmarkTest02100,True,completed,,completed,,41438,73978,37787,34182
xpathi,16,xpathi-b0016-f6a5ced711,BenchmarkTest02189;BenchmarkTest02370,True,completed,,completed,,46100,80896,37751,34159
xpathi,17,xpathi-b0017-125fd0fb40,BenchmarkTest02457,True,completed,,completed,,45230,85536,37712,34120
xss,0,xss-b0000-aaf39663dd,BenchmarkTest00013;BenchmarkTest00014,True,completed,,completed,,49783,81427,36995,33569
xss,1,xss-b0001-87941edb92,BenchmarkTest00030;BenchmarkTest00036,True,completed,,completed,,48994,89728,36961,33548
xss,2,xss-b0002-08943e98df,BenchmarkTest00041;BenchmarkTest00047,True,completed,,completed,,47507,89969,36996,33570
xss,3,xss-b0003-289265574c,BenchmarkTest00048;BenchmarkTest00049,True,completed,,completed,,44706,85524,37000,33574
xss,4,xss-b0004-fef20c11d3,BenchmarkTest00144;BenchmarkTest00145,False,excluded,flowdroid-oom+termination-2,excluded,flowdroid-oom+termination-2,2694038,585646,37006,33580
xss,5,xss-b0005-cf5e748d4f,BenchmarkTest00146;BenchmarkTest00147,True,completed,,completed,,45312,99933,37016,33590
xss,6,xss-b0006-8464492fae,BenchmarkTest00148;BenchmarkTest00149,True,completed,,completed,,48076,91471,36998,33572
xss,7,xss-b0007-c44c4ca631,BenchmarkTest00150;BenchmarkTest00151,True,completed,,completed,,45227,80058,37001,33575
xss,8,xss-b0008-c91f94fe1f,BenchmarkTest00152;BenchmarkTest00153,False,excluded,flowdroid-oom+termination-2,excluded,flowdroid-oom+termination-2,4596607,7198366,37002,33576
xss,9,xss-b0009-d7f37d87d5,BenchmarkTest00154;BenchmarkTest00155,True,completed,,completed,,47481,86354,37016,33590
xss,10,xss-b0010-3f3f599c5b,BenchmarkTest00156;BenchmarkTest00157,True,completed,,completed,,43952,82501,37002,33576
xss,11,xss-b0011-397d695c71,BenchmarkTest00275;BenchmarkTest00276,True,completed,,completed,,43027,88174,37239,33812
xss,12,xss-b0012-7d4f1cc1ce,BenchmarkTest00277;BenchmarkTest00278,True,completed,,completed,,44214,76200,37322,33866
xss,13,xss-b0013-6eb9200771,BenchmarkTest00279;BenchmarkTest00280,True,completed,,completed,,57572,95211,37002,33576
xss,14,xss-b0014-172455bbd1,BenchmarkTest00281;BenchmarkTest00282,True,completed,,completed,,46328,81865,37096,33670
xss,15,xss-b0015-dfb337153d,BenchmarkTest00283;BenchmarkTest00284,True,completed,,completed,,42224,80696,37096,33670
xss,16,xss-b0016-c07fede198,BenchmarkTest00285;BenchmarkTest00286,True,completed,,completed,,60108,102342,37176,33748
xss,17,xss-b0017-7fbdef962e,BenchmarkTest00287;BenchmarkTest00288,True,completed,,completed,,46274,88591,37005,33579
xss,18,xss-b0018-2a318538c1,BenchmarkTest00289;BenchmarkTest00290,True,completed,,completed,,45550,87158,37099,33673
xss,19,xss-b0019-9621aa2e93,BenchmarkTest00291;BenchmarkTest00292,True,completed,,completed,,44612,80905,37002,33576
xss,20,xss-b0020-2f8ec4ad35,BenchmarkTest00301;BenchmarkTest00375,False,excluded,flowdroid-oom+termination-2,excluded,flowdroid-oom+termination-2,464852,440019,37004,33578
xss,21,xss-b0021-af7d5077ee,BenchmarkTest00376;BenchmarkTest00377,True,completed,,completed,,54539,97948,36965,33552
xss,22,xss-b0022-5b0713903f,BenchmarkTest00378;BenchmarkTest00379,False,excluded,flowdroid-oom+termination-2,excluded,flowdroid-oom+termination-2,435087,688568,37206,33792
xss,23,xss-b0023-54c010ea05,BenchmarkTest00380;BenchmarkTest00381,True,completed,,completed,,43294,80284,37061,33648
xss,24,xss-b0024-4afa4c176e,BenchmarkTest00382;BenchmarkTest00383,False,excluded,flowdroid-oom+termination-2,excluded,flowdroid-oom+termination-2,626185,4924245,37208,33794
xss,25,xss-b0025-9b1b67efa3,BenchmarkTest00384;BenchmarkTest00385,False,missing,process-timeout,excluded,flowdroid-oom+termination-2,0,5122135,0,33791
xss,26,xss-b0026-81c395dea7,BenchmarkTest00386;BenchmarkTest00387,False,excluded,flowdroid-oom+termination-2,missing,process-timeout,13523493,0,36966,0
xss,27,xss-b0027-94d4221681,BenchmarkTest00388;BenchmarkTest00389,True,completed,,completed,,48792,89612,37042,33627
xss,28,xss-b0028-3c3702c9a2,BenchmarkTest00390;BenchmarkTest00391,False,excluded,flowdroid-oom+termination-2,completed,,689397,291319,37262,33848
xss,29,xss-b0029-d35370efea,BenchmarkTest00392;BenchmarkTest00393,True,completed,,completed,,56454,99884,36976,33563
xss,30,xss-b0030-2f284492db,BenchmarkTest00394;BenchmarkTest00395,False,excluded,flowdroid-oom+termination-2,excluded,flowdroid-oom+termination-2,615554,736838,36968,33555
xss,31,xss-b0031-2385b65ccf,BenchmarkTest00467;BenchmarkTest00468,True,completed,,completed,,43273,81416,36970,33557
xss,32,xss-b0032-fb75d5412a,BenchmarkTest00469;BenchmarkTest00470,True,completed,,completed,,41370,84678,37202,33788
xss,33,xss-b0033-7efa1bba0c,BenchmarkTest00471;BenchmarkTest00472,True,completed,,completed,,46301,84338,37043,33601
xss,34,xss-b0034-aeec9cec0e,BenchmarkTest00473;BenchmarkTest00474,True,completed,,completed,,51303,128548,37245,33802
xss,35,xss-b0035-343a349eeb,BenchmarkTest00475;BenchmarkTest00476,True,completed,,completed,,41163,85515,36959,33546
xss,36,xss-b0036-8656793000,BenchmarkTest00477;BenchmarkTest00478,True,completed,,completed,,51555,98825,37165,33751
xss,37,xss-b0037-4a633b3582,BenchmarkTest00479;BenchmarkTest00492,True,completed,,completed,,61448,108233,37084,33671
xss,38,xss-b0038-ace21e6775,BenchmarkTest00493;BenchmarkTest00541,True,completed,,completed,,46817,90191,37171,33757
xss,39,xss-b0039-d47c98ecf4,BenchmarkTest00542;BenchmarkTest00543,True,completed,,completed,,44132,85784,36966,33553
xss,40,xss-b0040-9d84fcc1f7,BenchmarkTest00544;BenchmarkTest00545,True,completed,,completed,,48337,94367,37210,33796
xss,41,xss-b0041-2fa237074e,BenchmarkTest00546;BenchmarkTest00547,True,completed,,completed,,41924,95548,36966,33553
xss,42,xss-b0042-5283f8ac90,BenchmarkTest00548;BenchmarkTest00549,True,completed,,completed,,60896,104539,37203,33789
xss,43,xss-b0043-5b98cd2b0b,BenchmarkTest00550;BenchmarkTest00551,True,completed,,completed,,47246,85326,36966,33553
xss,44,xss-b0044-80f5c447d9,BenchmarkTest00552;BenchmarkTest00553,True,completed,,completed,,49115,88479,36965,33552
xss,45,xss-b0045-e7cff0ca28,BenchmarkTest00554;BenchmarkTest00555,True,completed,,completed,,58596,126232,36960,33547
xss,46,xss-b0046-2b87121138,BenchmarkTest00556;BenchmarkTest00557,True,completed,,completed,,48297,86428,36962,33549
xss,47,xss-b0047-3e1693c70e,BenchmarkTest00642;BenchmarkTest00643,True,completed,,completed,,40388,79864,36975,33562
xss,48,xss-b0048-624795b1ff,BenchmarkTest00644;BenchmarkTest00645,False,excluded,flowdroid-oom+termination-2,excluded,flowdroid-oom+termination-2,535428,666360,36985,33572
xss,49,xss-b0049-43035a8b49,BenchmarkTest00646;BenchmarkTest00647,True,completed,,completed,,42168,82384,37072,33659
xss,50,xss-b0050-a3d6fb760b,BenchmarkTest00648;BenchmarkTest00649,True,completed,,completed,,49282,107733,37066,33653
xss,51,xss-b0051-11b2906ff5,BenchmarkTest00650;BenchmarkTest00651,False,excluded,flowdroid-oom+termination-2,excluded,flowdroid-oom+termination-2,462340,840915,37209,33795
xss,52,xss-b0052-66b4c675f8,BenchmarkTest00656;BenchmarkTest00711,True,completed,,completed,,42320,97584,36972,33559
xss,53,xss-b0053-01bc54bf10,BenchmarkTest00712;BenchmarkTest00713,True,completed,,completed,,63282,114579,37038,33623
xss,54,xss-b0054-408c479f5d,BenchmarkTest00714;BenchmarkTest00715,False,excluded,flowdroid-oom+termination-2,excluded,flowdroid-oom+termination-2,426517,509184,37061,33648
xss,55,xss-b0055-b7cf825510,BenchmarkTest00716;BenchmarkTest00717,False,excluded,flowdroid-oom+termination-2,excluded,flowdroid-oom+termination-2,4415708,3959850,37303,33889
xss,56,xss-b0056-6bfbc8a81a,BenchmarkTest00718;BenchmarkTest00719,True,completed,,completed,,54091,114548,37058,33643
xss,57,xss-b0057-a6ef67af2c,BenchmarkTest00720;BenchmarkTest00721,True,completed,,completed,,44438,83156,36966,33553
xss,58,xss-b0058-58d6839feb,BenchmarkTest00722;BenchmarkTest00723,False,excluded,flowdroid-oom+termination-2,excluded,flowdroid-oom+termination-2,5661553,3887331,36965,33552
xss,59,xss-b0059-0798eaab91,BenchmarkTest00724;BenchmarkTest00725,False,missing,process-timeout,missing,process-timeout,0,0,0,0
xss,60,xss-b0060-572056b577,BenchmarkTest00726;BenchmarkTest00727,True,completed,,completed,,49937,99943,37046,33604
xss,61,xss-b0061-bbafb7d4a8,BenchmarkTest00728;BenchmarkTest00729,True,completed,,completed,,64296,123385,36980,33567
xss,62,xss-b0062-e4cc5d8dab,BenchmarkTest00730;BenchmarkTest00737,False,missing,process-timeout,excluded,flowdroid-oom+termination-2,0,6633928,0,33799
xss,63,xss-b0063-06ca5b97e4,BenchmarkTest00799;BenchmarkTest00800,True,completed,,completed,,38399,76171,37002,33576
xss,64,xss-b0064-072059a916,BenchmarkTest00801;BenchmarkTest00802,True,completed,,completed,,173298,253522,37198,33771
xss,65,xss-b0065-d6f44e8c7c,BenchmarkTest00803;BenchmarkTest00804,True,completed,,completed,,42628,81744,36998,33572
xss,66,xss-b0066-83935ad065,BenchmarkTest00805;BenchmarkTest00806,False,missing,process-timeout,excluded,flowdroid-oom+termination-2,0,6059110,0,33817
xss,67,xss-b0067-5e8115083d,BenchmarkTest00807;BenchmarkTest00808,False,excluded,flowdroid-oom+termination-2,excluded,flowdroid-oom+termination-2,631003,685254,37002,33576
xss,68,xss-b0068-b24791b299,BenchmarkTest00809;BenchmarkTest00810,True,completed,,completed,,48795,90900,36999,33573
xss,69,xss-b0069-2e9d5d4ef8,BenchmarkTest00811;BenchmarkTest00812,True,completed,,completed,,57664,111733,36997,33571
xss,70,xss-b0070-7e0313afc9,BenchmarkTest00813;BenchmarkTest00822,True,completed,,completed,,43167,86243,37000,33574
xss,71,xss-b0071-869bd4800f,BenchmarkTest00879;BenchmarkTest00880,True,completed,,completed,,41716,72960,37173,33759
xss,72,xss-b0072-dd8174b1d8,BenchmarkTest00881;BenchmarkTest00882,True,completed,,completed,,60421,109931,36964,33551
xss,73,xss-b0073-f34a39d44c,BenchmarkTest00883;BenchmarkTest00884,True,completed,,completed,,40058,82817,37213,33799
xss,74,xss-b0074-72528f018c,BenchmarkTest00885;BenchmarkTest00886,True,completed,,completed,,43960,79741,36985,33572
xss,75,xss-b0075-4c5bdaa98e,BenchmarkTest00887;BenchmarkTest00888,True,completed,,completed,,51689,103719,37055,33613
xss,76,xss-b0076-92f209844d,BenchmarkTest00889;BenchmarkTest00890,True,completed,,completed,,52591,95490,36970,33557
xss,77,xss-b0077-eb2ae040a4,BenchmarkTest00891;BenchmarkTest00892,True,completed,,completed,,70827,108203,36968,33555
xss,78,xss-b0078-94fc911895,BenchmarkTest00893;BenchmarkTest00894,True,completed,,completed,,37807,78953,36969,33556
xss,79,xss-b0079-75e37bbcaa,BenchmarkTest01046;BenchmarkTest01047,False,excluded,flowdroid-oom+termination-2,excluded,flowdroid-oom+termination-2,4860546,688753,37023,33597
xss,80,xss-b0080-e6ea2f645c,BenchmarkTest01048;BenchmarkTest01049,True,completed,,completed,,58187,104440,37093,33638
xss,81,xss-b0081-b69e84d8fb,BenchmarkTest01050;BenchmarkTest01051,True,completed,,completed,,40390,84383,37006,33580
xss,82,xss-b0082-7a76c372b4,BenchmarkTest01052;BenchmarkTest01053,True,completed,,completed,,38408,77352,37009,33583
xss,83,xss-b0083-92966a7f3e,BenchmarkTest01054;BenchmarkTest01055,True,completed,,completed,,54088,103635,37093,33638
xss,84,xss-b0084-f60b45b21c,BenchmarkTest01056;BenchmarkTest01057,True,completed,,completed,,46129,93483,37005,33579
xss,85,xss-b0085-a4557d17d5,BenchmarkTest01063;BenchmarkTest01171,False,excluded,flowdroid-oom+termination-2,excluded,flowdroid-oom+termination-2,496523,669004,37257,33830
xss,86,xss-b0086-26827730d4,BenchmarkTest01172;BenchmarkTest01173,True,completed,,completed,,44604,78642,37014,33588
xss,87,xss-b0087-063f7be44a,BenchmarkTest01174;BenchmarkTest01175,True,completed,,completed,,42396,78985,37107,33681
xss,88,xss-b0088-0f93dd4efa,BenchmarkTest01176;BenchmarkTest01177,True,completed,,completed,,52511,122291,37005,33579
xss,89,xss-b0089-6dc3438a91,BenchmarkTest01178;BenchmarkTest01179,True,completed,,completed,,43443,81912,37008,33582
xss,90,xss-b0090-74d946e7a6,BenchmarkTest01180;BenchmarkTest01181,True,completed,,completed,,43192,76876,37207,33780
xss,91,xss-b0091-e0e3e8bb32,BenchmarkTest01188;BenchmarkTest01251,True,completed,,completed,,52369,117819,37108,33682
xss,92,xss-b0092-41c0eb365e,BenchmarkTest01252;BenchmarkTest01253,False,excluded,flowdroid-oom+termination-2,excluded,flowdroid-oom+termination-2,5138316,4935710,36973,33560
xss,93,xss-b0093-0240b65455,BenchmarkTest01254;BenchmarkTest01255,False,excluded,flowdroid-oom+termination-2,excluded,flowdroid-oom+termination-2,466621,653919,37291,33875
xss,94,xss-b0094-00036bf3ee,BenchmarkTest01256;BenchmarkTest01257,True,completed,,completed,,40557,88788,36989,33576
xss,95,xss-b0095-e2dbd9d876,BenchmarkTest01258;BenchmarkTest01259,False,excluded,flowdroid-oom+termination-2,excluded,flowdroid-oom+termination-2,3511929,3832922,37174,33760
xss,96,xss-b0096-8187e85ebc,BenchmarkTest01260;BenchmarkTest01261,False,excluded,flowdroid-oom+termination-2,excluded,flowdroid-oom+termination-2,747766,542290,37212,33798
xss,97,xss-b0097-b314c1e258,BenchmarkTest01262;BenchmarkTest01263,True,completed,,completed,,41482,76339,36973,33560
xss,98,xss-b0098-2476ada569,BenchmarkTest01264;BenchmarkTest01265,True,completed,,completed,,42296,75026,37070,33657
xss,99,xss-b0099-50a977db9b,BenchmarkTest01266;BenchmarkTest01267,False,excluded,flowdroid-oom+termination-2,excluded,flowdroid-oom+termination-2,3641431,3763177,36975,33562
xss,100,xss-b0100-4764c7fa98,BenchmarkTest01268;BenchmarkTest01284,False,excluded,flowdroid-oom+termination-2,excluded,flowdroid-oom+termination-2,537723,586346,37221,33807
xss,101,xss-b0101-321d087fca,BenchmarkTest01335;BenchmarkTest01336,True,completed,,completed,,52238,83295,36972,33559
xss,102,xss-b0102-e9ca659cf7,BenchmarkTest01337;BenchmarkTest01338,True,completed,,completed,,42092,82788,36977,33564
xss,103,xss-b0103-f45c21d4fc,BenchmarkTest01339;BenchmarkTest01340,True,completed,,completed,,39427,71284,37058,33616
xss,104,xss-b0104-d6ed8aee4a,BenchmarkTest01341;BenchmarkTest01342,True,completed,,completed,,42572,86302,37294,33851
xss,105,xss-b0105-b40800a979,BenchmarkTest01343;BenchmarkTest01344,True,completed,,completed,,45281,80766,36974,33561
xss,106,xss-b0106-8aec35e7c0,BenchmarkTest01345;BenchmarkTest01346,True,completed,,completed,,40897,74531,36968,33555
xss,107,xss-b0107-c6b0d806a0,BenchmarkTest01347;BenchmarkTest01348,True,completed,,completed,,53123,92737,37294,33851
xss,108,xss-b0108-44f161bcc9,BenchmarkTest01349;BenchmarkTest01350,True,completed,,completed,,39906,71969,36992,33579
xss,109,xss-b0109-9ee042d780,BenchmarkTest01351;BenchmarkTest01352,True,completed,,completed,,42386,82853,37054,33612
xss,110,xss-b0110-cd6e4cf239,BenchmarkTest01417;BenchmarkTest01418,True,completed,,completed,,47947,85146,37169,33755
xss,111,xss-b0111-19c6a9ddc0,BenchmarkTest01419;BenchmarkTest01420,True,completed,,completed,,36727,75225,37068,33655
xss,112,xss-b0112-2512cf0905,BenchmarkTest01421;BenchmarkTest01422,True,completed,,completed,,45020,85519,36973,33560
xss,113,xss-b0113-aaefbd9d8f,BenchmarkTest01423;BenchmarkTest01424,True,completed,,completed,,44154,83538,36970,33557
xss,114,xss-b0114-b83dd71711,BenchmarkTest01425;BenchmarkTest01426,True,completed,,completed,,41834,79697,36969,33556
xss,115,xss-b0115-034eff21fd,BenchmarkTest01427;BenchmarkTest01428,True,completed,,completed,,46052,87704,36968,33555
xss,116,xss-b0116-a35a88be12,BenchmarkTest01429;BenchmarkTest01437,True,completed,,completed,,40972,68275,36979,33566
xss,117,xss-b0117-a130cb9930,BenchmarkTest01438;BenchmarkTest01439,True,completed,,completed,,39201,82676,37224,33810
xss,118,xss-b0118-f5d9f60383,BenchmarkTest01505;BenchmarkTest01506,True,completed,,completed,,44410,87774,36993,33580
xss,119,xss-b0119-cb3d105c58,BenchmarkTest01507;BenchmarkTest01508,True,completed,,completed,,42325,73284,36973,33560
xss,120,xss-b0120-98499e0f1d,BenchmarkTest01509;BenchmarkTest01510,False,excluded,flowdroid-oom+termination-2,excluded,flowdroid-oom+termination-2,424815,590796,36993,33580
xss,121,xss-b0121-da844666aa,BenchmarkTest01511;BenchmarkTest01512,True,completed,,completed,,44928,86492,36988,33575
xss,122,xss-b0122-cc366b020a,BenchmarkTest01513;BenchmarkTest01514,False,excluded,flowdroid-oom+termination-2,excluded,flowdroid-oom+termination-2,4204159,5620485,36979,33566
xss,123,xss-b0123-35434eb5b0,BenchmarkTest01515;BenchmarkTest01525,False,excluded,flowdroid-oom+termination-2,excluded,flowdroid-oom+termination-2,575375,621716,37226,33812
xss,124,xss-b0124-d36b210088,BenchmarkTest01583;BenchmarkTest01584,True,completed,,completed,,41780,74278,36970,33557
xss,125,xss-b0125-d7d9868618,BenchmarkTest01585;BenchmarkTest01586,True,completed,,completed,,51566,89120,37130,33686
xss,126,xss-b0126-0c6597000d,BenchmarkTest01587;BenchmarkTest01588,True,completed,,completed,,43393,79062,36967,33554
xss,127,xss-b0127-397b9be254,BenchmarkTest01589;BenchmarkTest01590,True,completed,,completed,,41765,73103,36968,33555
xss,128,xss-b0128-02ccc238ad,BenchmarkTest01591;BenchmarkTest01592,False,excluded,flowdroid-oom+termination-2,excluded,flowdroid-oom+termination-2,464373,670035,37210,33796
xss,129,xss-b0129-a3e901de51,BenchmarkTest01593;BenchmarkTest01594,True,completed,,completed,,43399,79808,36970,33557
xss,130,xss-b0130-dec7e6878f,BenchmarkTest01595;BenchmarkTest01596,False,excluded,flowdroid-oom+termination-2,excluded,flowdroid-oom+termination-2,404833,475602,37050,33635
xss,131,xss-b0131-4649a5ea95,BenchmarkTest01597;BenchmarkTest01598,False,excluded,flowdroid-oom+termination-2,excluded,flowdroid-oom+termination-2,413427,628735,37215,33801
xss,132,xss-b0132-53165f3bfd,BenchmarkTest01599;BenchmarkTest01657,False,excluded,flowdroid-oom+termination-2,excluded,flowdroid-oom+termination-2,3862946,5083341,37006,33580
xss,133,xss-b0133-108a61b7ec,BenchmarkTest01658;BenchmarkTest01659,True,completed,,completed,,44329,75578,37087,33632
xss,134,xss-b0134-db96feb7a2,BenchmarkTest01660;BenchmarkTest01661,True,completed,,completed,,40207,90774,37107,33652
xss,135,xss-b0135-0a29f5a74e,BenchmarkTest01662;BenchmarkTest01663,False,excluded,flowdroid-oom+termination-2,excluded,flowdroid-oom+termination-2,481870,4795767,37211,33784
xss,136,xss-b0136-1b8e7bf0e1,BenchmarkTest01664;BenchmarkTest01665,True,completed,,completed,,41218,87482,37108,33682
xss,137,xss-b0137-972edd4e46,BenchmarkTest01666;BenchmarkTest01667,False,excluded,flowdroid-oom+termination-2,excluded,flowdroid-oom+termination-2,646561,4519968,37024,33598
xss,138,xss-b0138-22e9ee2b62,BenchmarkTest01668;BenchmarkTest01669,False,excluded,flowdroid-oom+termination-2,excluded,flowdroid-oom+termination-2,3804993,564028,37110,33684
xss,139,xss-b0139-6bdc99f242,BenchmarkTest01670;BenchmarkTest01671,True,completed,,completed,,44732,74914,37105,33679
xss,140,xss-b0140-c003d71559,BenchmarkTest01767;BenchmarkTest01768,True,completed,,completed,,41147,76647,36973,33560
xss,141,xss-b0141-cd97da6e3e,BenchmarkTest01769;BenchmarkTest01770,True,completed,,completed,,46955,85894,36981,33568
xss,142,xss-b0142-20c50b56c2,BenchmarkTest01771;BenchmarkTest01772,True,completed,,completed,,44720,83812,37219,33805
xss,143,xss-b0143-32aa6a65ba,BenchmarkTest01773;BenchmarkTest01774,True,completed,,completed,,49336,94993,37064,33622
xss,144,xss-b0144-70ffd0a76b,BenchmarkTest01775;BenchmarkTest01776,True,completed,,completed,,43089,86686,36979,33566
xss,145,xss-b0145-083f8262da,BenchmarkTest01777;BenchmarkTest01790,True,completed,,completed,,66011,115151,37056,33641
xss,146,xss-b0146-7e8ba38188,BenchmarkTest01914;BenchmarkTest01915,True,completed,,completed,,43797,73733,36997,33571
xss,147,xss-b0147-e80dd6cce9,BenchmarkTest01916;BenchmarkTest01917,False,excluded,flowdroid-oom+termination-2,excluded,flowdroid-oom+termination-2,452669,483657,37100,33674
xss,148,xss-b0148-c89e2ae10e,BenchmarkTest01918;BenchmarkTest01919,True,completed,,completed,,42976,76891,36997,33571
xss,149,xss-b0149-d4bdbf4839,BenchmarkTest01920;BenchmarkTest01921,True,completed,,completed,,50344,83804,37004,33578
xss,150,xss-b0150-89db1f049f,BenchmarkTest01922;BenchmarkTest01923,True,completed,,completed,,49704,87083,37023,33597
xss,151,xss-b0151-d60bf0ab7d,BenchmarkTest01924;BenchmarkTest01925,True,completed,,completed,,49766,77275,37096,33641
xss,152,xss-b0152-7e6bf8630b,BenchmarkTest01926;BenchmarkTest01927,False,excluded,flowdroid-oom+termination-2,completed,,570633,218128,37199,33772
xss,153,xss-b0153-35a94a428f,BenchmarkTest02045;BenchmarkTest02046,True,completed,,completed,,55545,108118,37003,33577
xss,154,xss-b0154-6ee8a55eef,BenchmarkTest02047;BenchmarkTest02048,True,completed,,completed,,42428,75409,37241,33814
xss,155,xss-b0155-631c4a1471,BenchmarkTest02049;BenchmarkTest02050,True,completed,,completed,,44225,80525,37076,33648
xss,156,xss-b0156-ec89304fa5,BenchmarkTest02051;BenchmarkTest02052,True,completed,,completed,,40589,71932,37003,33577
xss,157,xss-b0157-3af3156c88,BenchmarkTest02053;BenchmarkTest02054,True,completed,,completed,,44940,83483,36998,33572
xss,158,xss-b0158-5a8184d2b4,BenchmarkTest02055;BenchmarkTest02056,True,completed,,completed,,46902,87785,37023,33597
xss,159,xss-b0159-0c4d1bdca8,BenchmarkTest02057;BenchmarkTest02122,True,completed,,completed,,45763,104971,37004,33578
xss,160,xss-b0160-733985ebc7,BenchmarkTest02123;BenchmarkTest02124,True,completed,,completed,,40552,85329,36997,33584
xss,161,xss-b0161-cea1e98a8d,BenchmarkTest02125;BenchmarkTest02126,False,excluded,flowdroid-oom+termination-2,excluded,flowdroid-oom+termination-2,795505,748505,37305,33891
xss,162,xss-b0162-cb37be45f5,BenchmarkTest02127;BenchmarkTest02128,True,completed,,completed,,43080,72818,36964,33551
xss,163,xss-b0163-821dd8a596,BenchmarkTest02129;BenchmarkTest02130,False,excluded,flowdroid-oom+termination-2,excluded,flowdroid-oom+termination-2,504655,512022,36965,33552
xss,164,xss-b0164-4b71c67b10,BenchmarkTest02131;BenchmarkTest02132,False,excluded,flowdroid-oom+termination-2,excluded,flowdroid-oom+termination-2,547028,540540,37207,33793
xss,165,xss-b0165-01173e7cc3,BenchmarkTest02133;BenchmarkTest02134,True,completed,,completed,,46047,83064,36965,33552
xss,166,xss-b0166-36e8058593,BenchmarkTest02135;BenchmarkTest02136,False,excluded,flowdroid-oom+termination-2,excluded,flowdroid-oom+termination-2,427611,638979,37205,33791
xss,167,xss-b0167-c7c4faec1e,BenchmarkTest02145;BenchmarkTest02221,False,excluded,flowdroid-oom+termination-2,excluded,flowdroid-oom+termination-2,591938,592656,37215,33801
xss,168,xss-b0168-3961f6e9c5,BenchmarkTest02222;BenchmarkTest02223,True,completed,,completed,,44420,86809,36965,33552
xss,169,xss-b0169-55e022d95a,BenchmarkTest02224;BenchmarkTest02225,True,completed,,completed,,40363,79336,36966,33553
xss,170,xss-b0170-a6236f8eac,BenchmarkTest02226;BenchmarkTest02227,True,completed,,completed,,42632,72000,36966,33553
xss,171,xss-b0171-bb0b0e4ad6,BenchmarkTest02228;BenchmarkTest02229,True,completed,,completed,,44372,78172,36970,33557
xss,172,xss-b0172-4dae3ab3b7,BenchmarkTest02230;BenchmarkTest02231,True,completed,,completed,,43325,74682,37211,33797
xss,173,xss-b0173-d210f8dac6,BenchmarkTest02232;BenchmarkTest02233,True,completed,,completed,,45042,83610,36967,33554
xss,174,xss-b0174-5559cdd53d,BenchmarkTest02234;BenchmarkTest02235,True,completed,,completed,,41445,79970,36965,33552
xss,175,xss-b0175-716ccd8b84,BenchmarkTest02236;BenchmarkTest02237,True,completed,,completed,,41127,76998,37062,33649
xss,176,xss-b0176-059fadfacc,BenchmarkTest02238;BenchmarkTest02239,True,completed,,completed,,45228,79421,37211,33797
xss,177,xss-b0177-b041f82643,BenchmarkTest02240;BenchmarkTest02241,True,completed,,completed,,42937,76617,36963,33550
xss,178,xss-b0178-8f3126a43d,BenchmarkTest02313;BenchmarkTest02314,True,completed,,completed,,37142,74197,37204,33790
xss,179,xss-b0179-1aa3f964b6,BenchmarkTest02315;BenchmarkTest02316,True,completed,,completed,,42990,82864,36981,33568
xss,180,xss-b0180-0a7d0be8d0,BenchmarkTest02317;BenchmarkTest02318,True,completed,,completed,,43468,75114,37041,33626
xss,181,xss-b0181-35a1e1ab68,BenchmarkTest02319;BenchmarkTest02320,True,completed,,completed,,42323,80819,37062,33649
xss,182,xss-b0182-55affc5bff,BenchmarkTest02321;BenchmarkTest02322,True,completed,,completed,,45841,80007,37204,33790
xss,183,xss-b0183-a22df62472,BenchmarkTest02323;BenchmarkTest02324,True,completed,,completed,,41249,73024,36996,33583
xss,184,xss-b0184-2ae92bf302,BenchmarkTest02325;BenchmarkTest02326,True,completed,,completed,,43697,78521,37164,33750
xss,185,xss-b0185-96d21fa4df,BenchmarkTest02327;BenchmarkTest02328,True,completed,,completed,,42196,89217,36971,33558
xss,186,xss-b0186-94e8bc511e,BenchmarkTest02329;BenchmarkTest02330,True,completed,,completed,,43107,75474,36965,33552
xss,187,xss-b0187-4682e23148,BenchmarkTest02331;BenchmarkTest02332,True,completed,,completed,,39706,80541,37062,33649
xss,188,xss-b0188-dd73d0187f,BenchmarkTest02394;BenchmarkTest02395,True,completed,,completed,,41518,75494,37070,33657
xss,189,xss-b0189-0147da88ca,BenchmarkTest02396;BenchmarkTest02397,False,excluded,flowdroid-oom+termination-2,excluded,flowdroid-oom+termination-2,598346,703533,37212,33798
xss,190,xss-b0190-7bed3a8d27,BenchmarkTest02398;BenchmarkTest02399,True,completed,,completed,,48101,77497,37051,33609
xss,191,xss-b0191-2e543713d6,BenchmarkTest02400;BenchmarkTest02401,False,excluded,flowdroid-oom+termination-2,excluded,flowdroid-oom+termination-2,336634,439373,37046,33631
xss,192,xss-b0192-450ff90397,BenchmarkTest02402;BenchmarkTest02403,False,excluded,flowdroid-oom+termination-2,excluded,flowdroid-oom+termination-2,3509403,3796709,37214,33800
xss,193,xss-b0193-9969ec2a27,BenchmarkTest02404;BenchmarkTest02405,True,completed,,completed,,43188,80569,36987,33574
xss,194,xss-b0194-20c869190d,BenchmarkTest02406;BenchmarkTest02407,True,completed,,completed,,43321,75582,36981,33568
xss,195,xss-b0195-d8e130b62f,BenchmarkTest02408;BenchmarkTest02409,False,excluded,flowdroid-oom+termination-2,excluded,flowdroid-oom+termination-2,455621,631397,37217,33803
xss,196,xss-b0196-76f4882893,BenchmarkTest02410;BenchmarkTest02480,True,completed,,completed,,44998,71765,36969,33556
xss,197,xss-b0197-d564210124,BenchmarkTest02481;BenchmarkTest02482,True,completed,,completed,,47766,86784,36970,33557
xss,198,xss-b0198-f615407510,BenchmarkTest02483;BenchmarkTest02484,False,excluded,flowdroid-oom+termination-2,excluded,flowdroid-oom+termination-2,5704111,4598968,36967,33554
xss,199,xss-b0199-3f259cb8b6,BenchmarkTest02485;BenchmarkTest02486,True,completed,,completed,,44000,74186,36982,33569
xss,200,xss-b0200-19ee690a9b,BenchmarkTest02487;BenchmarkTest02488,True,completed,,completed,,43788,87977,37060,33645
xss,201,xss-b0201-778f11210e,BenchmarkTest02489;BenchmarkTest02490,False,excluded,flowdroid-oom+termination-2,excluded,flowdroid-oom+termination-2,557155,657255,37204,33790
xss,202,xss-b0202-c3f5988b40,BenchmarkTest02491;BenchmarkTest02492,False,excluded,flowdroid-oom+termination-2,excluded,flowdroid-oom+termination-2,549791,635535,37306,33892
xss,203,xss-b0203-ae9af4cb3e,BenchmarkTest02493;BenchmarkTest02494,False,missing,process-timeout,excluded,flowdroid-oom+termination-2,0,13222400,0,33570
xss,204,xss-b0204-2f4e204ee8,BenchmarkTest02495;BenchmarkTest02509,True,completed,,completed,,40657,72892,36967,33554
xss,205,xss-b0205-9e9f336c7b,BenchmarkTest02578;BenchmarkTest02579,False,excluded,flowdroid-oom+termination-2,excluded,flowdroid-oom+termination-2,472808,560794,36998,33572
xss,206,xss-b0206-a91d613223,BenchmarkTest02580;BenchmarkTest02581,True,completed,,completed,,60146,132158,37079,33651
xss,207,xss-b0207-15c99f82dd,BenchmarkTest02582;BenchmarkTest02583,True,completed,,completed,,37078,75575,37001,33575
xss,208,xss-b0208-3ebb7bca0d,BenchmarkTest02584;BenchmarkTest02585,True,completed,,completed,,43828,88104,37003,33577
xss,209,xss-b0209-d4bb59ff53,BenchmarkTest02586;BenchmarkTest02587,False,excluded,flowdroid-oom+termination-2,excluded,flowdroid-oom+termination-2,442700,599452,37241,33814
xss,210,xss-b0210-36e879f54d,BenchmarkTest02588;BenchmarkTest02589,False,excluded,flowdroid-oom+termination-2,excluded,flowdroid-oom+termination-2,410818,565029,37246,33819
xss,211,xss-b0211-ac47d99047,BenchmarkTest02590;BenchmarkTest02591,False,excluded,flowdroid-oom+termination-2,excluded,flowdroid-oom+termination-2,530040,716358,37006,33580
xss,212,xss-b0212-7a9ab554f9,BenchmarkTest02592;BenchmarkTest02593,True,completed,,completed,,40703,76385,37012,33586
xss,213,xss-b0213-421a6e8efb,BenchmarkTest02594;BenchmarkTest02595,True,completed,,completed,,48672,82626,37000,33574
xss,214,xss-b0214-f38025913b,BenchmarkTest02596;BenchmarkTest02597,True,completed,,completed,,56549,96299,37113,33687
xss,215,xss-b0215-2b8895c260,BenchmarkTest02598;BenchmarkTest02599,True,completed,,completed,,41714,72507,36998,33572
xss,216,xss-b0216-1038afa575,BenchmarkTest02600;BenchmarkTest02601,True,completed,,completed,,48456,84430,37080,33652
xss,217,xss-b0217-256ebfe0a0,BenchmarkTest02608;BenchmarkTest02609,True,completed,,completed,,47347,86918,37106,33680
xss,218,xss-b0218-502f2f1416,BenchmarkTest02679;BenchmarkTest02680,True,completed,,completed,,40672,76062,36966,33553
xss,219,xss-b0219-fa41754fe5,BenchmarkTest02681;BenchmarkTest02682,True,completed,,completed,,43054,80042,36972,33559
xss,220,xss-b0220-c58fb9bfcc,BenchmarkTest02683;BenchmarkTest02684,True,completed,,completed,,40588,73173,37209,33795
xss,221,xss-b0221-1db43de289,BenchmarkTest02685;BenchmarkTest02686,True,completed,,completed,,45106,87497,37174,33760
xss,222,xss-b0222-19ad52175c,BenchmarkTest02687;BenchmarkTest02688,True,completed,,completed,,50467,110385,37045,33630
xss,223,xss-b0223-53f2d3fefe,BenchmarkTest02689;BenchmarkTest02690,True,completed,,completed,,43217,69792,36970,33557
xss,224,xss-b0224-ef0510a517,BenchmarkTest02691;BenchmarkTest02692,True,completed,,completed,,38370,79316,36968,33555
xss,225,xss-b0225-88bd1eab97,BenchmarkTest02693;BenchmarkTest02694,True,completed,,completed,,46845,91660,36982,33569
xss,226,xss-b0226-50823c9504,BenchmarkTest02695;BenchmarkTest02696,True,completed,,completed,,43397,77736,36974,33561
xss,227,xss-b0227-0d444df70c,BenchmarkTest02712,True,completed,,completed,,47775,77387,36970,33557
